,KOSPI,KOSDAQ,SP500
2016-04-25,2014.55,703.7,2087.7900390625
2016-04-26,2019.63,702.06,2091.699951171875
2016-04-27,2015.4,699.52,2095.14990234375
2016-04-28,2000.93,699.7,2075.81005859375
2016-04-29,1994.15,699.77,2065.300048828125
2016-05-02,1978.15,690.27,2081.429931640625
2016-05-03,1986.41,698.66,2063.3701171875
2016-05-04,1976.71,694.17,2051.1201171875
2016-05-05,1976.71,694.17,2050.6298828125
2016-05-06,1976.71,694.17,2057.139892578125
2016-05-09,1967.81,691.82,2058.68994140625
2016-05-10,1982.5,700.23,2084.389892578125
2016-05-11,1980.1,703.94,2064.4599609375
2016-05-12,1977.49,705.04,2064.110107421875
2016-05-13,1966.99,704.37,2046.6099853515625
2016-05-16,1967.91,701.46,2066.659912109375
2016-05-17,1968.06,695.95,2047.2099609375
2016-05-18,1956.73,683.87,2047.6300048828125
2016-05-19,1946.78,679.39,2040.0400390625
2016-05-20,1947.67,684.92,2052.320068359375
2016-05-23,1955.25,691.0,2048.0400390625
2016-05-24,1937.68,687.71,2076.06005859375
2016-05-25,1960.51,689.33,2090.5400390625
2016-05-26,1957.06,687.94,2090.10009765625
2016-05-27,1969.17,691.54,2099.06005859375
2016-05-30,1967.13,692.06,2099.06005859375
2016-05-31,1983.4,698.45,2096.949951171875
2016-06-01,1982.72,700.03,2099.330078125
2016-06-02,1985.11,701.15,2105.260009765625
2016-06-03,1985.84,701.43,2099.1298828125
2016-06-06,1985.84,701.43,2109.409912109375
2016-06-07,2011.63,704.77,2112.1298828125
2016-06-08,2027.08,703.99,2119.1201171875
2016-06-09,2024.17,705.08,2115.47998046875
2016-06-10,2017.63,706.81,2096.070068359375
2016-06-13,1979.06,695.61,2079.06005859375
2016-06-14,1972.03,692.94,2075.320068359375
2016-06-15,1968.83,694.66,2071.5
2016-06-16,1951.99,680.25,2077.989990234375
2016-06-17,1953.4,678.86,2071.219970703125
2016-06-20,1981.12,688.95,2083.25
2016-06-21,1982.7,688.55,2088.89990234375
2016-06-22,1992.58,688.18,2085.449951171875
2016-06-23,1986.71,679.52,2113.320068359375
2016-06-24,1925.24,647.16,2037.4100341796875
2016-06-27,1926.85,648.12,2000.5400390625
2016-06-28,1936.22,659.3,2036.0899658203125
2016-06-29,1956.36,669.88,2070.77001953125
2016-06-30,1970.35,675.09,2098.860107421875
2016-07-01,1987.32,684.26,2102.949951171875
2016-07-04,1995.3,688.15,2102.949951171875
2016-07-05,1989.85,692.73,2088.550048828125
2016-07-06,1953.12,685.51,2099.72998046875
2016-07-07,1974.08,695.95,2097.89990234375
2016-07-08,1963.1,692.6,2129.89990234375
2016-07-11,1988.54,697.25,2137.159912109375
2016-07-12,1991.23,699.4,2152.139892578125
2016-07-13,2005.55,702.65,2152.429931640625
2016-07-14,2008.77,703.34,2163.75
2016-07-15,2017.26,700.28,2161.739990234375
2016-07-18,2021.11,700.9,2166.889892578125
2016-07-19,2016.89,702.44,2163.780029296875
2016-07-20,2015.46,705.03,2173.02001953125
2016-07-21,2012.22,708.12,2165.169921875
2016-07-22,2010.34,707.54,2175.030029296875
2016-07-25,2012.32,704.96,2168.47998046875
2016-07-26,2027.34,705.4,2169.179931640625
2016-07-27,2025.05,701.09,2166.580078125
2016-07-28,2021.1,703.78,2170.06005859375
2016-07-29,2016.19,706.24,2173.60009765625
2016-08-01,2029.61,703.72,2170.840087890625
2016-08-02,2019.03,700.9,2157.030029296875
2016-08-03,1994.79,698.32,2163.7900390625
2016-08-04,2000.03,701.67,2164.25
2016-08-05,2017.94,696.09,2182.8701171875
2016-08-08,2031.12,696.43,2180.889892578125
2016-08-09,2043.78,700.73,2181.739990234375
2016-08-10,2044.64,707.46,2175.489990234375
2016-08-11,2048.8,703.33,2185.7900390625
2016-08-12,2050.47,705.18,2184.050048828125
2016-08-15,2050.47,705.18,2190.14990234375
2016-08-16,2047.76,698.87,2178.14990234375
2016-08-17,2043.75,693.67,2182.219970703125
2016-08-18,2055.47,696.93,2187.02001953125
2016-08-19,2056.24,696.2,2183.8701171875
2016-08-22,2042.16,688.15,2182.639892578125
2016-08-23,2049.93,687.38,2186.89990234375
2016-08-24,2043.76,687.78,2175.43994140625
2016-08-25,2042.92,683.96,2172.469970703125
2016-08-26,2037.5,680.43,2169.0400390625
2016-08-29,2032.35,663.58,2180.3798828125
2016-08-30,2039.74,667.61,2176.1201171875
2016-08-31,2034.65,663.69,2170.949951171875
2016-09-01,2032.72,671.29,2170.860107421875
2016-09-02,2038.31,676.91,2179.97998046875
2016-09-05,2060.08,679.49,2179.97998046875
2016-09-06,2066.53,679.26,2186.47998046875
2016-09-07,2061.88,672.49,2186.159912109375
2016-09-08,2063.73,667.4,2181.300048828125
2016-09-09,2037.87,664.99,2127.81005859375
2016-09-12,1991.48,652.91,2159.0400390625
2016-09-13,1999.36,660.15,2127.02001953125
2016-09-14,1999.36,660.15,2125.77001953125
2016-09-15,1999.36,660.15,2147.260009765625
2016-09-16,1999.36,660.15,2139.159912109375
2016-09-19,2015.78,666.64,2139.1201171875
2016-09-20,2025.71,674.51,2139.760009765625
2016-09-21,2035.99,678.28,2163.1201171875
2016-09-22,2049.7,685.24,2177.179931640625
2016-09-23,2054.07,688.59,2164.68994140625
2016-09-26,2047.11,686.76,2146.10009765625
2016-09-27,2062.82,687.99,2159.929931640625
2016-09-28,2053.06,686.76,2171.3701171875
2016-09-29,2068.72,689.83,2151.1298828125
2016-09-30,2043.63,681.21,2168.27001953125
2016-10-03,2043.63,681.21,2161.199951171875
2016-10-04,2054.86,685.88,2150.489990234375
2016-10-05,2053.0,685.44,2159.72998046875
2016-10-06,2065.3,684.33,2160.77001953125
2016-10-07,2053.8,675.9,2153.739990234375
2016-10-10,2056.82,674.74,2163.659912109375
2016-10-11,2031.93,670.64,2136.72998046875
2016-10-12,2033.73,669.95,2139.179931640625
2016-10-13,2015.44,663.09,2132.550048828125
2016-10-14,2022.66,664.92,2132.97998046875
2016-10-17,2027.61,659.83,2126.5
2016-10-18,2040.43,660.29,2139.60009765625
2016-10-19,2040.94,661.26,2144.2900390625
2016-10-20,2040.6,655.68,2141.340087890625
2016-10-21,2033.0,651.77,2141.159912109375
2016-10-24,2047.74,647.88,2151.330078125
2016-10-25,2037.17,640.17,2143.159912109375
2016-10-26,2013.89,635.51,2139.429931640625
2016-10-27,2024.12,648.57,2133.0400390625
2016-10-28,2019.42,640.17,2126.409912109375
2016-10-31,2008.19,624.68,2126.14990234375
2016-11-01,2007.39,626.38,2111.719970703125
2016-11-02,1978.94,606.06,2097.93994140625
2016-11-03,1983.8,609.99,2088.659912109375
2016-11-04,1982.02,610.82,2085.179931640625
2016-11-07,1997.58,622.17,2131.52001953125
2016-11-08,2003.38,624.19,2139.56005859375
2016-11-09,1958.38,599.74,2163.260009765625
2016-11-10,2002.6,623.23,2167.47998046875
2016-11-11,1984.43,621.89,2164.449951171875
2016-11-14,1974.4,621.23,2164.199951171875
2016-11-15,1967.53,617.43,2180.389892578125
2016-11-16,1979.65,627.83,2176.93994140625
2016-11-17,1980.55,627.76,2187.1201171875
2016-11-18,1974.58,620.26,2181.89990234375
2016-11-21,1966.05,609.33,2198.179931640625
2016-11-22,1983.47,610.74,2202.93994140625
2016-11-23,1987.95,600.29,2204.719970703125
2016-11-24,1971.26,592.65,2204.719970703125
2016-11-25,1974.46,597.82,2213.35009765625
2016-11-28,1978.13,593.05,2201.719970703125
2016-11-29,1978.39,596.07,2204.659912109375
2016-11-30,1983.48,596.11,2198.81005859375
2016-12-01,1983.75,593.85,2191.080078125
2016-12-02,1970.61,586.73,2191.949951171875
2016-12-05,1963.36,575.12,2204.7099609375
2016-12-06,1989.86,581.35,2212.22998046875
2016-12-07,1991.89,578.52,2241.35009765625
2016-12-08,2031.07,584.62,2246.18994140625
2016-12-09,2024.69,594.35,2259.530029296875
2016-12-12,2027.24,603.08,2256.9599609375
2016-12-13,2035.98,611.09,2271.719970703125
2016-12-14,2036.87,612.47,2253.280029296875
2016-12-15,2036.65,620.61,2262.030029296875
2016-12-16,2042.24,622.08,2258.070068359375
2016-12-19,2038.39,622.77,2262.530029296875
2016-12-20,2041.94,617.99,2270.760009765625
2016-12-21,2037.96,618.63,2265.179931640625
2016-12-22,2035.73,615.93,2260.9599609375
2016-12-23,2035.9,619.75,2263.7900390625
2016-12-26,2037.75,615.16,2263.7900390625
2016-12-27,2042.17,618.38,2268.8798828125
2016-12-28,2024.49,627.27,2249.919921875
2016-12-29,2026.46,631.44,2249.260009765625
2016-12-30,2026.46,631.44,2238.830078125
2017-01-02,2026.16,632.04,2238.830078125
2017-01-03,2043.97,636.57,2257.830078125
2017-01-04,2045.64,639.79,2270.75
2017-01-05,2041.95,642.48,2269.0
2017-01-06,2049.12,643.68,2276.97998046875
2017-01-09,2048.78,642.15,2268.89990234375
2017-01-10,2045.12,636.73,2268.89990234375
2017-01-11,2075.17,637.9,2275.320068359375
2017-01-12,2087.14,632.87,2270.43994140625
2017-01-13,2076.79,634.68,2274.639892578125
2017-01-16,2064.17,627.88,2274.639892578125
2017-01-17,2071.87,624.0,2267.889892578125
2017-01-18,2070.54,626.89,2271.889892578125
2017-01-19,2072.79,626.19,2263.68994140625
2017-01-20,2065.61,622.12,2271.31005859375
2017-01-23,2065.99,615.99,2265.199951171875
2017-01-24,2065.76,612.93,2280.070068359375
2017-01-25,2066.94,609.64,2298.3701171875
2017-01-26,2083.59,616.81,2296.679931640625
2017-01-27,2083.59,616.81,2294.68994140625
2017-01-30,2083.59,616.81,2280.89990234375
2017-01-31,2067.57,616.13,2278.8701171875
2017-02-01,2080.48,623.68,2279.550048828125
2017-02-02,2071.01,613.04,2280.85009765625
2017-02-03,2073.16,609.21,2297.419921875
2017-02-06,2077.66,610.96,2292.56005859375
2017-02-07,2075.21,608.72,2293.080078125
2017-02-08,2065.08,608.79,2294.669921875
2017-02-09,2065.88,611.04,2307.8701171875
2017-02-10,2075.08,610.58,2316.10009765625
2017-02-13,2078.65,611.94,2328.25
2017-02-14,2074.57,611.54,2337.580078125
2017-02-15,2083.86,615.95,2349.25
2017-02-16,2081.84,616.58,2347.219970703125
2017-02-17,2080.58,618.7,2351.159912109375
2017-02-20,2084.39,619.97,2351.159912109375
2017-02-21,2102.93,622.47,2365.3798828125
2017-02-22,2106.61,621.39,2362.820068359375
2017-02-23,2107.63,617.67,2363.81005859375
2017-02-24,2094.12,614.75,2367.340087890625
2017-02-27,2085.52,612.12,2369.75
2017-02-28,2091.64,612.2,2363.639892578125
2017-03-01,2091.64,612.2,2395.9599609375
2017-03-02,2102.65,608.93,2381.919921875
2017-03-03,2078.75,600.73,2383.1201171875
2017-03-06,2081.36,604.05,2375.31005859375
2017-03-07,2094.05,606.05,2368.389892578125
2017-03-08,2095.41,605.75,2362.97998046875
2017-03-09,2091.06,606.13,2364.8701171875
2017-03-10,2097.35,612.26,2372.60009765625
2017-03-13,2117.59,615.59,2373.469970703125
2017-03-14,2133.78,614.12,2365.449951171875
2017-03-15,2133.0,608.68,2385.260009765625
2017-03-16,2150.08,613.88,2381.3798828125
2017-03-17,2164.58,613.26,2378.25
2017-03-20,2157.01,609.11,2373.469970703125
2017-03-21,2178.38,609.73,2344.02001953125
2017-03-22,2168.3,607.57,2348.449951171875
2017-03-23,2172.72,605.53,2345.9599609375
2017-03-24,2168.95,608.18,2343.97998046875
2017-03-27,2155.66,607.07,2341.590087890625
2017-03-28,2163.31,612.28,2358.570068359375
2017-03-29,2166.98,613.63,2361.1298828125
2017-03-30,2164.64,614.68,2368.06005859375
2017-03-31,2160.23,619.28,2362.719970703125
2017-04-03,2167.51,628.52,2358.840087890625
2017-04-04,2161.1,625.49,2360.159912109375
2017-04-05,2160.85,630.17,2352.949951171875
2017-04-06,2152.75,630.46,2357.489990234375
2017-04-07,2151.73,633.32,2355.5400390625
2017-04-10,2133.32,619.41,2357.159912109375
2017-04-11,2123.85,621.64,2353.780029296875
2017-04-12,2128.91,621.45,2344.929931640625
2017-04-13,2148.61,623.87,2328.949951171875
2017-04-14,2134.88,618.24,2328.949951171875
2017-04-17,2145.76,629.47,2349.010009765625
2017-04-18,2148.46,634.73,2342.18994140625
2017-04-19,2138.4,635.99,2338.169921875
2017-04-20,2149.15,635.8,2355.840087890625
2017-04-21,2165.04,634.96,2348.68994140625
2017-04-24,2173.74,626.62,2374.14990234375
2017-04-25,2196.85,632.57,2388.610107421875
2017-04-26,2207.84,635.11,2387.449951171875
2017-04-27,2209.46,631.11,2388.77001953125
2017-04-28,2205.44,628.24,2384.199951171875
2017-05-01,2205.44,628.24,2388.330078125
2017-05-02,2219.67,626.43,2391.169921875
2017-05-03,2219.67,626.43,2388.1298828125
2017-05-04,2241.24,635.11,2389.52001953125
2017-05-05,2241.24,635.11,2399.2900390625
2017-05-08,2292.76,643.39,2399.3798828125
2017-05-09,2292.76,643.39,2396.919921875
2017-05-10,2270.12,642.68,2399.6298828125
2017-05-11,2296.37,647.58,2394.43994140625
2017-05-12,2286.02,643.73,2390.89990234375
2017-05-15,2290.65,645.38,2402.320068359375
2017-05-16,2295.33,639.11,2400.669921875
2017-05-17,2293.08,640.01,2357.030029296875
2017-05-18,2286.82,638.12,2365.719970703125
2017-05-19,2288.48,642.45,2381.72998046875
2017-05-22,2304.03,642.62,2394.02001953125
2017-05-23,2311.74,644.73,2398.419921875
2017-05-24,2317.34,646.04,2404.389892578125
2017-05-25,2342.93,643.02,2415.070068359375
2017-05-26,2355.3,646.01,2415.820068359375
2017-05-29,2352.97,642.98,2415.820068359375
2017-05-30,2343.68,649.06,2412.909912109375
2017-05-31,2347.38,652.04,2411.800048828125
2017-06-01,2344.61,653.83,2430.06005859375
2017-06-02,2371.72,658.78,2439.070068359375
2017-06-05,2368.62,662.32,2436.10009765625
2017-06-06,2368.62,662.32,2429.330078125
2017-06-07,2360.14,666.46,2433.139892578125
2017-06-08,2363.57,669.97,2433.7900390625
2017-06-09,2381.69,674.15,2431.77001953125
2017-06-12,2357.87,664.86,2429.389892578125
2017-06-13,2374.7,669.23,2440.35009765625
2017-06-14,2372.64,671.59,2437.919921875
2017-06-15,2361.65,669.82,2432.4599609375
2017-06-16,2361.83,670.7,2433.14990234375
2017-06-19,2370.9,675.44,2453.4599609375
2017-06-20,2369.23,669.41,2437.030029296875
2017-06-21,2357.53,665.77,2435.610107421875
2017-06-22,2370.37,663.28,2434.5
2017-06-23,2378.6,668.93,2438.300048828125
2017-06-26,2388.66,668.36,2439.070068359375
2017-06-27,2391.95,672.63,2419.3798828125
2017-06-28,2382.56,665.89,2440.68994140625
2017-06-29,2395.66,668.0,2419.699951171875
2017-06-30,2391.79,669.04,2423.409912109375
2017-07-03,2394.48,660.97,2429.010009765625
2017-07-04,2380.52,656.19,2429.010009765625
2017-07-05,2388.35,661.54,2432.5400390625
2017-07-06,2387.81,663.79,2409.75
2017-07-07,2379.87,663.77,2425.179931640625
2017-07-10,2382.1,657.86,2427.429931640625
2017-07-11,2396.0,656.01,2425.530029296875
2017-07-12,2391.77,651.1,2443.25
2017-07-13,2409.49,652.69,2447.830078125
2017-07-14,2414.63,654.11,2459.27001953125
2017-07-17,2425.1,659.89,2459.139892578125
2017-07-18,2426.04,664.02,2460.610107421875
2017-07-19,2429.94,671.53,2473.830078125
2017-07-20,2441.84,676.51,2473.449951171875
2017-07-21,2450.06,676.6,2472.5400390625
2017-07-24,2451.53,677.32,2469.909912109375
2017-07-25,2439.9,670.47,2477.1298828125
2017-07-26,2434.51,667.22,2477.830078125
2017-07-27,2443.24,666.48,2475.419921875
2017-07-28,2400.99,652.95,2472.10009765625
2017-07-31,2402.71,650.47,2470.300048828125
2017-08-01,2422.96,653.12,2476.35009765625
2017-08-02,2427.63,657.52,2477.570068359375
2017-08-03,2386.85,643.09,2472.159912109375
2017-08-04,2395.45,641.58,2476.830078125
2017-08-07,2398.75,648.39,2480.909912109375
2017-08-08,2394.73,651.67,2474.919921875
2017-08-09,2368.39,642.87,2474.02001953125
2017-08-10,2359.47,640.04,2438.2099609375
2017-08-11,2319.71,628.34,2441.320068359375
2017-08-14,2334.22,629.37,2465.840087890625
2017-08-15,2334.22,629.37,2464.610107421875
2017-08-16,2348.26,634.91,2468.110107421875
2017-08-17,2361.67,642.11,2430.010009765625
2017-08-18,2358.37,643.58,2425.550048828125
2017-08-21,2355.0,640.85,2428.3701171875
2017-08-22,2365.33,644.26,2452.510009765625
2017-08-23,2366.4,643.71,2444.0400390625
2017-08-24,2375.84,647.71,2438.969970703125
2017-08-25,2378.51,650.27,2443.050048828125
2017-08-28,2370.3,652.92,2444.239990234375
2017-08-29,2364.74,653.96,2446.300048828125
2017-08-30,2372.29,655.0,2457.590087890625
2017-08-31,2363.19,657.83,2471.64990234375
2017-09-01,2357.69,661.99,2476.550048828125
2017-09-04,2329.65,650.89,2476.550048828125
2017-09-05,2326.62,648.75,2457.85009765625
2017-09-06,2319.82,652.59,2465.5400390625
2017-09-07,2346.19,658.48,2465.10009765625
2017-09-08,2343.72,654.29,2461.429931640625
2017-09-11,2359.08,656.53,2488.110107421875
2017-09-12,2365.47,660.05,2496.47998046875
2017-09-13,2360.18,659.09,2498.3701171875
2017-09-14,2377.66,665.41,2495.6201171875
2017-09-15,2386.07,671.3,2500.22998046875
2017-09-18,2418.21,675.87,2503.8701171875
2017-09-19,2416.05,674.48,2506.64990234375
2017-09-20,2412.2,668.05,2508.239990234375
2017-09-21,2406.5,661.11,2500.60009765625
2017-09-22,2388.71,648.95,2502.219970703125
2017-09-25,2380.4,642.04,2496.659912109375
2017-09-26,2374.32,642.4,2496.840087890625
2017-09-27,2372.57,649.24,2507.0400390625
2017-09-28,2373.14,648.09,2510.06005859375
2017-09-29,2394.47,652.82,2519.360107421875
2017-10-02,2394.47,652.82,2529.1201171875
2017-10-03,2394.47,652.82,2534.580078125
2017-10-04,2394.47,652.82,2537.739990234375
2017-10-05,2394.47,652.82,2552.070068359375
2017-10-06,2394.47,652.82,2549.330078125
2017-10-09,2394.47,652.82,2544.72998046875
2017-10-10,2433.81,654.59,2550.639892578125
2017-10-11,2458.16,662.31,2555.239990234375
2017-10-12,2474.76,666.54,2550.929931640625
2017-10-13,2473.62,663.08,2553.169921875
2017-10-16,2480.05,659.41,2557.639892578125
2017-10-17,2484.37,670.51,2559.360107421875
2017-10-18,2482.91,668.42,2561.260009765625
2017-10-19,2473.06,667.1,2562.10009765625
2017-10-20,2489.54,672.95,2575.2099609375
2017-10-23,2490.05,675.86,2564.97998046875
2017-10-24,2490.49,687.21,2569.1298828125
2017-10-25,2492.5,689.14,2557.14990234375
2017-10-26,2480.63,680.61,2560.39990234375
2017-10-27,2496.63,689.97,2581.070068359375
2017-10-30,2501.93,689.68,2572.830078125
2017-10-31,2523.43,694.2,2575.260009765625
2017-11-01,2556.47,695.77,2579.360107421875
2017-11-02,2546.36,694.96,2579.85009765625
2017-11-03,2557.97,701.13,2587.840087890625
2017-11-06,2549.41,703.79,2591.1298828125
2017-11-07,2545.44,701.14,2590.639892578125
2017-11-08,2552.4,709.11,2594.3798828125
2017-11-09,2550.57,709.94,2584.6201171875
2017-11-10,2542.95,720.79,2582.300048828125
2017-11-13,2530.35,741.38,2584.840087890625
2017-11-14,2526.64,756.46,2578.8701171875
2017-11-15,2518.25,768.03,2564.6201171875
2017-11-16,2534.79,780.22,2585.639892578125
2017-11-17,2533.99,775.85,2578.85009765625
2017-11-20,2527.67,785.32,2582.139892578125
2017-11-21,2530.7,789.38,2599.030029296875
2017-11-22,2540.51,780.9,2597.080078125
2017-11-23,2537.15,796.8,2597.080078125
2017-11-24,2544.33,792.74,2602.419921875
2017-11-27,2507.81,792.8,2601.419921875
2017-11-28,2514.19,773.12,2627.0400390625
2017-11-29,2512.9,781.72,2626.070068359375
2017-11-30,2476.37,771.42,2647.580078125
2017-12-01,2475.41,787.7,2642.219970703125
2017-12-04,2501.67,782.45,2639.43994140625
2017-12-05,2510.12,774.12,2629.570068359375
2017-12-06,2474.37,768.39,2629.27001953125
2017-12-07,2461.98,753.46,2636.97998046875
2017-12-08,2464.0,744.06,2651.5
2017-12-11,2471.49,764.09,2659.989990234375
2017-12-12,2461.0,760.4,2664.110107421875
2017-12-13,2480.55,772.22,2662.85009765625
2017-12-14,2469.48,770.35,2652.010009765625
2017-12-15,2482.07,771.82,2675.81005859375
2017-12-18,2481.88,770.5,2690.159912109375
2017-12-19,2478.53,766.18,2681.469970703125
2017-12-20,2472.37,755.27,2679.25
2017-12-21,2429.83,740.32,2684.570068359375
2017-12-22,2440.54,761.2,2683.340087890625
2017-12-26,2427.34,762.21,2680.5
2017-12-27,2436.67,791.95,2682.6201171875
2017-12-28,2467.49,798.42,2687.5400390625
2017-12-29,2467.49,798.42,2673.610107421875
2018-01-02,2479.65,812.45,2695.81005859375
2018-01-03,2486.35,822.31,2713.06005859375
2018-01-04,2466.46,808.01,2723.989990234375
2018-01-05,2497.52,828.03,2743.14990234375
2018-01-08,2513.28,839.51,2747.7099609375
2018-01-09,2510.23,829.99,2751.2900390625
2018-01-10,2499.75,834.91,2748.22998046875
2018-01-11,2487.91,852.51,2767.56005859375
2018-01-12,2496.42,873.05,2786.239990234375
2018-01-15,2503.73,891.61,2786.239990234375
2018-01-16,2521.74,901.23,2776.419921875
2018-01-17,2515.43,886.58,2802.56005859375
2018-01-18,2515.81,898.19,2798.030029296875
2018-01-19,2520.26,879.99,2810.300048828125
2018-01-22,2502.11,873.09,2832.969970703125
2018-01-23,2536.6,894.43,2839.1298828125
2018-01-24,2538.0,894.77,2837.5400390625
2018-01-25,2562.23,898.6,2839.25
2018-01-26,2574.76,913.12,2872.8701171875
2018-01-29,2598.19,927.05,2853.530029296875
2018-01-30,2567.74,920.96,2822.429931640625
2018-01-31,2566.46,913.57,2823.81005859375
2018-02-01,2568.54,908.2,2821.97998046875
2018-02-02,2525.39,899.47,2762.1298828125
2018-02-05,2491.75,858.22,2648.93994140625
2018-02-06,2453.31,858.17,2695.139892578125
2018-02-07,2396.56,829.96,2681.659912109375
2018-02-08,2407.62,861.94,2581.0
2018-02-09,2363.77,842.6,2619.550048828125
2018-02-12,2385.38,843.24,2656.0
2018-02-13,2395.19,829.39,2662.93994140625
2018-02-14,2421.83,848.03,2698.6298828125
2018-02-15,2421.83,848.03,2731.199951171875
2018-02-16,2421.83,848.03,2732.219970703125
2018-02-19,2442.82,875.81,2732.219970703125
2018-02-20,2415.12,864.41,2716.260009765625
2018-02-21,2429.65,875.58,2701.330078125
2018-02-22,2414.28,870.22,2703.9599609375
2018-02-23,2451.52,874.78,2747.300048828125
2018-02-26,2457.65,874.43,2779.60009765625
2018-02-27,2456.14,874.01,2744.280029296875
2018-02-28,2427.36,857.06,2713.830078125
2018-03-01,2427.36,857.06,2677.669921875
2018-03-02,2402.16,860.23,2691.25
2018-03-05,2375.06,845.0,2720.93994140625
2018-03-06,2411.41,859.21,2728.1201171875
2018-03-07,2401.82,841.03,2726.800048828125
2018-03-08,2433.08,853.94,2738.969970703125
2018-03-09,2459.45,865.8,2786.570068359375
2018-03-12,2484.12,884.27,2783.02001953125
2018-03-13,2494.49,886.25,2765.31005859375
2018-03-14,2486.08,886.92,2749.47998046875
2018-03-15,2492.38,890.43,2747.330078125
2018-03-16,2493.97,894.43,2752.010009765625
2018-03-19,2475.03,880.97,2712.919921875
2018-03-20,2485.52,890.4,2716.93994140625
2018-03-21,2484.97,885.55,2711.929931640625
2018-03-22,2496.02,871.62,2643.68994140625
2018-03-23,2416.76,829.68,2588.260009765625
2018-03-26,2437.08,853.69,2658.550048828125
2018-03-27,2452.06,858.84,2612.6201171875
2018-03-28,2419.29,850.97,2605.0
2018-03-29,2436.37,865.99,2640.8701171875
2018-03-30,2445.85,871.09,2640.8701171875
2018-04-02,2444.16,867.8,2581.8798828125
2018-04-03,2442.43,872.32,2614.449951171875
2018-04-04,2408.06,862.51,2644.68994140625
2018-04-05,2437.52,868.93,2662.840087890625
2018-04-06,2429.58,867.96,2604.469970703125
2018-04-09,2444.08,874.44,2613.159912109375
2018-04-10,2450.74,877.3,2656.8701171875
2018-04-11,2444.22,885.38,2642.18994140625
2018-04-12,2442.71,881.45,2663.989990234375
2018-04-13,2455.07,891.87,2656.300048828125
2018-04-16,2457.49,896.89,2677.840087890625
2018-04-17,2453.77,901.22,2706.389892578125
2018-04-18,2479.98,893.32,2708.639892578125
2018-04-19,2486.1,882.73,2693.1298828125
2018-04-20,2476.33,889.17,2670.139892578125
2018-04-23,2474.11,879.02,2670.2900390625
2018-04-24,2464.14,873.61,2634.56005859375
2018-04-25,2448.81,869.93,2639.39990234375
2018-04-26,2475.64,879.39,2666.93994140625
2018-04-27,2492.4,886.49,2669.909912109375
2018-04-30,2515.38,875.95,2648.050048828125
2018-05-01,2515.38,875.95,2654.800048828125
2018-05-02,2505.61,871.03,2635.669921875
2018-05-03,2487.25,866.07,2629.72998046875
2018-05-04,2461.38,856.34,2663.419921875
2018-05-07,2461.38,856.34,2672.6298828125
2018-05-08,2449.81,827.22,2671.919921875
2018-05-09,2443.98,850.85,2697.7900390625
2018-05-10,2464.16,854.93,2723.070068359375
2018-05-11,2477.71,865.93,2727.719970703125
2018-05-14,2476.11,858.7,2730.1298828125
2018-05-15,2458.54,862.94,2711.449951171875
2018-05-16,2459.82,850.29,2722.4599609375
2018-05-17,2448.45,855.62,2720.1298828125
2018-05-18,2460.65,869.45,2712.969970703125
2018-05-21,2465.57,872.96,2733.010009765625
2018-05-22,2465.57,872.96,2724.43994140625
2018-05-23,2471.91,869.16,2733.2900390625
2018-05-24,2466.01,873.32,2727.760009765625
2018-05-25,2460.8,868.35,2721.330078125
2018-05-28,2478.96,879.69,2721.330078125
2018-05-29,2457.25,870.08,2689.860107421875
2018-05-30,2409.03,874.22,2724.010009765625
2018-05-31,2423.01,879.66,2705.27001953125
2018-06-01,2438.96,883.22,2734.6201171875
2018-06-04,2447.76,877.44,2746.8701171875
2018-06-05,2453.76,877.16,2748.800048828125
2018-06-06,2453.76,877.16,2772.35009765625
2018-06-07,2470.58,887.91,2770.3701171875
2018-06-08,2451.58,878.48,2779.030029296875
2018-06-11,2470.15,876.55,2782.0
2018-06-12,2468.83,875.04,2786.85009765625
2018-06-13,2468.83,875.04,2775.6298828125
2018-06-14,2423.48,864.56,2782.489990234375
2018-06-15,2404.04,866.22,2779.659912109375
2018-06-18,2376.24,840.23,2773.75
2018-06-19,2340.11,815.39,2762.590087890625
2018-06-20,2363.91,840.17,2767.320068359375
2018-06-21,2337.83,826.22,2749.760009765625
2018-06-22,2357.22,830.27,2754.8798828125
2018-06-25,2357.88,836.0,2717.070068359375
2018-06-26,2350.92,831.4,2723.06005859375
2018-06-27,2342.03,826.69,2699.6298828125
2018-06-28,2314.24,810.2,2716.31005859375
2018-06-29,2326.13,818.22,2718.3701171875
2018-07-02,2271.54,789.82,2726.7099609375
2018-07-03,2272.76,795.71,2713.219970703125
2018-07-04,2265.46,799.1,2713.219970703125
2018-07-05,2257.55,794.05,2736.610107421875
2018-07-06,2272.87,808.89,2759.820068359375
2018-07-09,2285.8,808.28,2784.169921875
2018-07-10,2294.16,813.19,2793.840087890625
2018-07-11,2280.62,804.78,2774.02001953125
2018-07-12,2285.06,819.29,2798.2900390625
2018-07-13,2310.9,827.89,2801.31005859375
2018-07-16,2301.99,825.71,2798.429931640625
2018-07-17,2297.92,819.72,2809.550048828125
2018-07-18,2290.11,810.44,2815.6201171875
2018-07-19,2282.29,796.49,2804.489990234375
2018-07-20,2289.19,791.61,2801.830078125
2018-07-23,2269.31,756.96,2806.97998046875
2018-07-24,2280.2,761.57,2820.39990234375
2018-07-25,2273.03,748.89,2846.070068359375
2018-07-26,2289.06,765.15,2837.43994140625
2018-07-27,2294.99,773.98,2818.820068359375
2018-07-30,2293.51,769.8,2802.60009765625
2018-07-31,2295.26,775.52,2816.2900390625
2018-08-01,2307.07,790.25,2813.360107421875
2018-08-02,2270.2,781.38,2827.219970703125
2018-08-03,2287.68,788.81,2840.35009765625
2018-08-06,2286.5,781.41,2850.39990234375
2018-08-07,2300.16,784.7,2858.449951171875
2018-08-08,2301.45,783.81,2857.699951171875
2018-08-09,2303.71,789.48,2853.580078125
2018-08-10,2282.79,784.81,2833.280029296875
2018-08-13,2248.45,755.65,2821.929931640625
2018-08-14,2258.91,761.94,2839.9599609375
2018-08-15,2258.91,761.94,2818.3701171875
2018-08-16,2240.8,761.18,2840.68994140625
2018-08-17,2247.05,772.3,2850.1298828125
2018-08-20,2247.88,769.78,2857.050048828125
2018-08-21,2270.06,787.15,2862.9599609375
2018-08-22,2273.33,785.95,2861.820068359375
2018-08-23,2282.6,791.28,2856.97998046875
2018-08-24,2293.21,798.23,2874.68994140625
2018-08-27,2299.3,801.04,2896.739990234375
2018-08-28,2303.12,798.17,2897.52001953125
2018-08-29,2309.03,803.18,2914.0400390625
2018-08-30,2307.35,804.47,2901.1298828125
2018-08-31,2322.88,816.97,2901.52001953125
2018-09-03,2307.03,816.84,2901.52001953125
2018-09-04,2315.72,827.27,2896.719970703125
2018-09-05,2291.77,820.0,2888.60009765625
2018-09-06,2287.61,815.18,2878.050048828125
2018-09-07,2281.58,818.86,2871.679931640625
2018-09-10,2288.66,816.16,2877.1298828125
2018-09-11,2283.2,820.23,2887.889892578125
2018-09-12,2282.92,826.33,2888.919921875
2018-09-13,2286.23,830.95,2904.179931640625
2018-09-14,2318.25,834.91,2904.97998046875
2018-09-17,2303.01,828.88,2888.800048828125
2018-09-18,2308.98,831.85,2904.31005859375
2018-09-19,2308.46,826.91,2907.949951171875
2018-09-20,2323.45,821.13,2930.75
2018-09-21,2339.17,827.84,2929.669921875
2018-09-24,2339.17,827.84,2919.3701171875
2018-09-25,2339.17,827.84,2915.56005859375
2018-09-26,2339.17,827.84,2905.969970703125
2018-09-27,2355.43,833.01,2914.0
2018-09-28,2343.07,822.27,2913.97998046875
2018-10-01,2338.88,816.53,2924.590087890625
2018-10-02,2309.57,794.99,2923.429931640625
2018-10-03,2309.57,794.99,2925.510009765625
2018-10-04,2274.49,789.0,2901.610107421875
2018-10-05,2267.52,773.7,2885.570068359375
2018-10-08,2253.83,767.15,2884.429931640625
2018-10-09,2253.83,767.15,2880.340087890625
2018-10-10,2228.61,747.5,2785.679931640625
2018-10-11,2129.67,707.38,2728.3701171875
2018-10-12,2161.85,731.5,2767.1298828125
2018-10-15,2145.12,718.87,2750.7900390625
2018-10-16,2145.12,731.5,2809.919921875
2018-10-17,2167.51,739.15,2809.2099609375
2018-10-18,2148.31,731.34,2768.780029296875
2018-10-19,2156.26,740.48,2767.780029296875
2018-10-22,2161.71,744.15,2755.8798828125
2018-10-23,2106.1,719.0,2740.68994140625
2018-10-24,2097.58,699.3,2656.10009765625
2018-10-25,2063.3,686.84,2705.570068359375
2018-10-26,2027.15,663.07,2658.68994140625
2018-10-29,1996.05,629.7,2641.25
2018-10-30,2014.69,644.14,2682.6298828125
2018-10-31,2029.69,648.67,2711.739990234375
2018-11-01,2024.46,657.46,2740.3701171875
2018-11-02,2096.0,690.65,2723.06005859375
2018-11-05,2076.92,691.94,2738.31005859375
2018-11-06,2089.62,691.55,2755.449951171875
2018-11-07,2078.69,682.37,2813.889892578125
2018-11-08,2092.63,693.67,2806.830078125
2018-11-09,2086.09,687.29,2781.010009765625
2018-11-12,2080.44,670.82,2726.219970703125
2018-11-13,2071.23,670.85,2722.179931640625
2018-11-14,2068.05,671.56,2701.580078125
2018-11-15,2088.06,681.38,2730.199951171875
2018-11-16,2092.4,690.18,2736.27001953125
2018-11-19,2100.56,702.13,2690.72998046875
2018-11-20,2082.58,690.81,2641.889892578125
2018-11-21,2076.55,695.72,2649.929931640625
2018-11-22,2069.95,692.39,2649.929931640625
2018-11-23,2057.48,683.06,2632.56005859375
2018-11-26,2083.02,695.36,2673.449951171875
2018-11-27,2099.42,700.67,2682.169921875
2018-11-28,2108.22,700.12,2743.7900390625
2018-11-29,2114.1,695.48,2737.800048828125
2018-11-30,2096.86,695.76,2760.169921875
2018-12-03,2131.93,709.46,2790.3701171875
2018-12-04,2114.35,708.63,2700.06005859375
2018-12-05,2101.31,701.12,2700.06005859375
2018-12-06,2068.69,678.38,2695.949951171875
2018-12-07,2075.76,685.33,2633.080078125
2018-12-10,2053.79,670.39,2637.719970703125
2018-12-11,2052.97,661.01,2636.780029296875
2018-12-12,2082.57,676.48,2651.070068359375
2018-12-13,2095.55,681.78,2650.5400390625
2018-12-14,2069.38,666.34,2599.949951171875
2018-12-17,2071.09,661.9,2545.93994140625
2018-12-18,2062.11,659.67,2546.159912109375
2018-12-19,2078.84,672.08,2506.9599609375
2018-12-20,2060.12,668.13,2467.419921875
2018-12-21,2061.49,673.64,2416.6201171875
2018-12-24,2055.01,669.79,2351.10009765625
2018-12-26,2028.01,665.74,2467.699951171875
2018-12-27,2028.44,667.88,2488.830078125
2018-12-28,2041.04,675.65,2485.739990234375
2018-12-31,2041.04,675.65,2506.85009765625
2019-01-02,2010.0,669.37,2510.030029296875
2019-01-03,1993.7,657.02,2447.889892578125
2019-01-04,2010.25,664.49,2531.93994140625
2019-01-07,2037.1,672.84,2549.68994140625
2019-01-08,2025.27,668.49,2574.409912109375
2019-01-09,2064.71,679.74,2584.9599609375
2019-01-10,2063.28,683.34,2596.639892578125
2019-01-11,2075.57,686.33,2596.260009765625
2019-01-14,2064.52,683.09,2582.610107421875
2019-01-15,2097.18,690.39,2610.300048828125
2019-01-16,2106.1,693.38,2616.10009765625
2019-01-17,2107.06,686.35,2635.9599609375
2019-01-18,2124.28,696.34,2670.7099609375
2019-01-21,2124.61,695.62,2670.7099609375
2019-01-22,2117.77,694.55,2632.89990234375
2019-01-23,2127.78,695.63,2638.699951171875
2019-01-24,2145.03,704.41,2642.330078125
2019-01-25,2177.73,711.38,2664.760009765625
2019-01-28,2177.3,714.26,2643.85009765625
2019-01-29,2183.36,710.99,2640.0
2019-01-30,2206.2,715.3,2681.050048828125
2019-01-31,2204.85,716.86,2704.10009765625
2019-02-01,2203.46,716.92,2706.530029296875
2019-02-04,2203.46,716.92,2724.8701171875
2019-02-05,2203.46,716.92,2737.699951171875
2019-02-06,2203.46,716.92,2731.610107421875
2019-02-07,2203.42,728.79,2706.050048828125
2019-02-08,2177.05,728.74,2707.8798828125
2019-02-11,2180.73,733.47,2709.800048828125
2019-02-12,2190.47,730.58,2744.72998046875
2019-02-13,2201.48,739.91,2753.030029296875
2019-02-14,2225.85,742.27,2745.72998046875
2019-02-15,2196.09,738.66,2775.60009765625
2019-02-18,2210.89,745.33,2775.60009765625
2019-02-19,2205.63,748.05,2779.760009765625
2019-02-20,2229.76,750.69,2784.699951171875
2019-02-21,2228.66,747.33,2774.8798828125
2019-02-22,2230.5,743.38,2792.669921875
2019-02-25,2232.56,750.4,2796.110107421875
2019-02-26,2226.6,747.09,2793.89990234375
2019-02-27,2234.79,752.16,2792.3798828125
2019-02-28,2195.44,731.25,2784.489990234375
2019-03-01,2195.44,731.25,2803.68994140625
2019-03-04,2190.66,748.07,2792.81005859375
2019-03-05,2179.23,747.95,2789.64990234375
2019-03-06,2175.6,746.7,2771.449951171875
2019-03-07,2165.79,736.83,2748.929931640625
2019-03-08,2137.44,735.97,2743.070068359375
2019-03-11,2138.1,739.09,2783.300048828125
2019-03-12,2157.18,754.76,2791.52001953125
2019-03-13,2148.41,754.89,2810.919921875
2019-03-14,2155.68,755.42,2808.47998046875
2019-03-15,2176.11,748.36,2822.47998046875
2019-03-18,2179.49,753.13,2832.93994140625
2019-03-19,2177.62,748.91,2832.570068359375
2019-03-20,2177.1,749.76,2824.22998046875
2019-03-21,2184.88,743.52,2854.8798828125
2019-03-22,2186.95,743.97,2800.7099609375
2019-03-25,2144.86,727.21,2798.360107421875
2019-03-26,2148.8,736.81,2818.4599609375
2019-03-27,2145.62,728.45,2805.3701171875
2019-03-28,2128.1,719.72,2815.43994140625
2019-03-29,2140.67,729.31,2834.39990234375
2019-04-01,2168.28,736.81,2867.18994140625
2019-04-02,2177.18,739.57,2867.239990234375
2019-04-03,2203.27,749.3,2873.39990234375
2019-04-04,2206.53,751.58,2879.389892578125
2019-04-05,2209.61,751.71,2892.739990234375
2019-04-08,2210.6,751.92,2895.77001953125
2019-04-09,2213.56,756.81,2878.199951171875
2019-04-10,2224.39,760.15,2888.2099609375
2019-04-11,2224.44,766.49,2888.320068359375
2019-04-12,2233.45,767.85,2907.409912109375
2019-04-15,2242.88,766.75,2905.580078125
2019-04-16,2248.63,765.02,2907.06005859375
2019-04-17,2245.89,766.89,2900.449951171875
2019-04-18,2213.77,753.52,2905.030029296875
2019-04-19,2216.15,762.57,2905.030029296875
2019-04-22,2216.65,762.01,2907.969970703125
2019-04-23,2220.51,761.42,2933.679931640625
2019-04-24,2201.03,757.82,2927.25
2019-04-25,2190.5,750.43,2926.169921875
2019-04-26,2179.31,741.0,2939.8798828125
2019-04-29,2216.43,750.6,2943.030029296875
2019-04-30,2203.59,754.74,2945.830078125
2019-05-01,2203.59,754.74,2923.72998046875
2019-05-02,2212.75,760.38,2917.52001953125
2019-05-03,2196.32,761.82,2945.639892578125
2019-05-06,2196.32,761.82,2932.469970703125
2019-05-07,2176.99,753.45,2884.050048828125
2019-05-08,2168.01,745.37,2879.419921875
2019-05-09,2102.01,724.22,2870.719970703125
2019-05-10,2108.04,722.62,2881.39990234375
2019-05-13,2079.01,708.8,2811.8701171875
2019-05-14,2081.84,710.16,2834.409912109375
2019-05-15,2092.78,729.6,2850.9599609375
2019-05-16,2067.69,717.59,2876.320068359375
2019-05-17,2055.8,714.13,2859.530029296875
2019-05-20,2055.71,702.08,2840.22998046875
2019-05-21,2061.25,703.98,2864.360107421875
2019-05-22,2064.86,706.93,2856.27001953125
2019-05-23,2059.59,696.89,2822.239990234375
2019-05-24,2045.31,690.03,2826.06005859375
2019-05-27,2044.21,689.67,2826.06005859375
2019-05-28,2048.83,702.76,2802.389892578125
2019-05-29,2023.32,691.47,2783.02001953125
2019-05-30,2038.8,689.33,2788.860107421875
2019-05-31,2041.74,696.47,2752.06005859375
2019-06-03,2067.85,697.5,2744.449951171875
2019-06-04,2066.97,702.53,2803.27001953125
2019-06-05,2069.11,707.75,2826.14990234375
2019-06-06,2069.11,707.75,2843.489990234375
2019-06-07,2072.33,716.53,2873.340087890625
2019-06-10,2099.49,721.14,2886.72998046875
2019-06-11,2111.81,728.79,2885.719970703125
2019-06-12,2108.75,724.32,2879.840087890625
2019-06-13,2103.15,726.68,2891.639892578125
2019-06-14,2095.41,722.25,2886.97998046875
2019-06-17,2090.73,719.13,2889.669921875
2019-06-18,2098.71,714.86,2917.75
2019-06-19,2124.78,717.71,2926.4599609375
2019-06-20,2131.29,727.32,2954.179931640625
2019-06-21,2125.62,722.64,2950.4599609375
2019-06-24,2126.33,717.69,2945.35009765625
2019-06-25,2121.64,710.02,2917.3798828125
2019-06-26,2121.85,709.37,2913.780029296875
2019-06-27,2134.32,698.21,2924.919921875
2019-06-28,2130.62,690.53,2941.760009765625
2019-07-01,2129.74,696.0,2964.330078125
2019-07-02,2122.02,696.25,2973.010009765625
2019-07-03,2096.02,693.04,2995.820068359375
2019-07-04,2108.73,691.27,2995.820068359375
2019-07-05,2110.59,694.17,2990.409912109375
2019-07-08,2064.17,668.72,2975.949951171875
2019-07-09,2052.03,657.8,2979.6298828125
2019-07-10,2058.78,666.9,2993.070068359375
2019-07-11,2080.58,677.09,2999.909912109375
2019-07-12,2086.66,681.17,3013.77001953125
2019-07-15,2082.48,674.79,3014.300048828125
2019-07-16,2091.87,674.42,3004.0400390625
2019-07-17,2072.92,666.28,2984.419921875
2019-07-18,2066.55,665.15,2995.110107421875
2019-07-19,2094.36,674.06,2976.610107421875
2019-07-22,2093.34,674.78,2985.030029296875
2019-07-23,2101.45,668.65,3005.469970703125
2019-07-24,2082.3,659.83,3019.56005859375
2019-07-25,2074.48,652.4,3003.669921875
2019-07-26,2066.26,644.59,3025.860107421875
2019-07-29,2029.48,618.78,3020.969970703125
2019-07-30,2038.68,625.64,3013.179931640625
2019-07-31,2024.55,630.18,2980.3798828125
2019-08-01,2017.34,622.26,2953.56005859375
2019-08-02,1998.13,615.7,2932.050048828125
2019-08-05,1946.98,569.79,2844.739990234375
2019-08-06,1917.5,551.5,2881.77001953125
2019-08-07,1909.71,564.64,2883.97998046875
2019-08-08,1920.61,585.44,2938.090087890625
2019-08-09,1937.75,590.04,2918.64990234375
2019-08-12,1942.29,594.17,2882.699951171875
2019-08-13,1925.83,590.75,2926.320068359375
2019-08-14,1938.37,597.15,2840.60009765625
2019-08-15,1938.37,597.15,2847.60009765625
2019-08-16,1927.17,591.57,2888.679931640625
2019-08-19,1939.9,594.65,2923.64990234375
2019-08-20,1960.25,607.01,2900.510009765625
2019-08-21,1964.65,615.96,2924.429931640625
2019-08-22,1951.01,612.25,2922.949951171875
2019-08-23,1948.3,608.98,2847.110107421875
2019-08-26,1916.31,582.91,2878.3798828125
2019-08-27,1924.6,588.32,2869.159912109375
2019-08-28,1941.09,602.9,2887.93994140625
2019-08-29,1933.41,599.57,2924.580078125
2019-08-30,1967.79,610.55,2926.4599609375
2019-09-02,1969.19,619.81,2926.4599609375
2019-09-03,1965.69,620.02,2906.27001953125
2019-09-04,1988.53,629.31,2937.780029296875
2019-09-05,2004.75,632.99,2976.0
2019-09-06,2009.13,631.15,2978.7099609375
2019-09-09,2019.55,625.77,2978.429931640625
2019-09-10,2032.08,623.25,2979.389892578125
2019-09-11,2049.2,630.37,3000.929931640625
2019-09-12,2049.2,630.37,3009.570068359375
2019-09-13,2049.2,630.37,3007.389892578125
2019-09-16,2062.22,638.59,2997.9599609375
2019-09-17,2062.33,644.28,3005.699951171875
2019-09-18,2070.73,645.12,3006.72998046875
2019-09-19,2080.35,645.71,3006.7900390625
2019-09-20,2091.52,649.07,2992.070068359375
2019-09-23,2091.7,645.01,2991.780029296875
2019-09-24,2101.04,641.85,2966.60009765625
2019-09-25,2073.39,626.76,2984.8701171875
2019-09-26,2074.52,628.42,2977.6201171875
2019-09-27,2049.93,626.93,2961.7900390625
2019-09-30,2063.05,621.76,2976.739990234375
2019-10-01,2072.42,632.1,2940.25
2019-10-02,2031.91,624.51,2887.610107421875
2019-10-03,2031.91,624.51,2910.6298828125
2019-10-04,2020.69,621.84,2952.010009765625
2019-10-07,2021.73,627.21,2938.7900390625
2019-10-08,2046.25,635.41,2893.06005859375
2019-10-09,2046.25,635.41,2919.39990234375
2019-10-10,2028.15,634.73,2938.1298828125
2019-10-11,2044.61,632.95,2970.27001953125
2019-10-14,2067.4,641.46,2966.14990234375
2019-10-15,2068.17,646.8,2995.679931640625
2019-10-16,2082.83,651.96,2989.68994140625
2019-10-17,2077.94,649.29,2997.949951171875
2019-10-18,2060.69,646.69,2986.199951171875
2019-10-21,2064.84,649.18,3006.719970703125
2019-10-22,2088.86,655.91,2995.989990234375
2019-10-23,2080.62,658.98,3004.52001953125
2019-10-24,2085.66,658.75,3010.2900390625
2019-10-25,2087.89,652.37,3022.550048828125
2019-10-28,2093.6,652.42,3039.419921875
2019-10-29,2092.69,658.3,3036.889892578125
2019-10-30,2080.27,655.04,3046.77001953125
2019-10-31,2083.48,658.52,3037.56005859375
2019-11-01,2100.2,662.34,3066.909912109375
2019-11-04,2130.24,668.45,3078.27001953125
2019-11-05,2142.64,672.18,3074.6201171875
2019-11-06,2144.15,669.68,3076.780029296875
2019-11-07,2144.29,666.15,3085.179931640625
2019-11-08,2137.23,664.6,3093.080078125
2019-11-11,2124.09,661.37,3087.010009765625
2019-11-12,2140.92,665.14,3091.840087890625
2019-11-13,2122.45,661.85,3094.0400390625
2019-11-14,2139.23,663.31,3096.6298828125
2019-11-15,2162.18,668.51,3120.4599609375
2019-11-18,2160.69,669.34,3122.030029296875
2019-11-19,2153.24,662.53,3120.179931640625
2019-11-20,2125.32,649.87,3108.4599609375
2019-11-21,2096.6,635.99,3103.5400390625
2019-11-22,2101.96,633.92,3110.2900390625
2019-11-25,2123.5,647.4,3133.639892578125
2019-11-26,2121.35,651.59,3140.52001953125
2019-11-27,2127.85,647.39,3153.6298828125
2019-11-28,2118.6,640.18,3153.6298828125
2019-11-29,2087.96,632.99,3140.97998046875
2019-12-02,2091.92,634.5,3113.8701171875
2019-12-03,2084.07,629.58,3093.199951171875
2019-12-04,2068.89,625.27,3112.760009765625
2019-12-05,2060.74,617.6,3117.429931640625
2019-12-06,2081.85,628.1,3145.909912109375
2019-12-09,2088.65,627.86,3135.9599609375
2019-12-10,2098.0,627.11,3132.52001953125
2019-12-11,2105.62,629.13,3141.6298828125
2019-12-12,2137.35,636.94,3168.570068359375
2019-12-13,2170.25,643.45,3168.800048828125
2019-12-16,2168.15,644.44,3191.449951171875
2019-12-17,2195.68,650.58,3192.52001953125
2019-12-18,2194.76,648.95,3191.139892578125
2019-12-19,2196.56,647.85,3205.3701171875
2019-12-20,2204.18,649.73,3221.219970703125
2019-12-23,2203.71,647.62,3224.010009765625
2019-12-24,2190.08,638.91,3223.3798828125
2019-12-26,2197.93,652.07,3239.909912109375
2019-12-27,2204.21,661.24,3240.02001953125
2019-12-30,2197.67,669.83,3221.2900390625
2019-12-31,2197.67,669.83,3230.780029296875
2020-01-02,2175.17,674.02,3257.85009765625
2020-01-03,2176.46,669.93,3234.85009765625
2020-01-06,2155.07,655.31,3246.280029296875
2020-01-07,2175.54,663.44,3237.179931640625
2020-01-08,2151.31,640.94,3253.050048828125
2020-01-09,2186.45,666.09,3274.699951171875
2020-01-10,2206.39,673.03,3265.35009765625
2020-01-13,2229.26,679.22,3288.1298828125
2020-01-14,2238.88,678.71,3283.14990234375
2020-01-15,2230.98,679.16,3289.2900390625
2020-01-16,2248.05,686.52,3316.81005859375
2020-01-17,2250.57,688.41,3329.6201171875
2020-01-20,2262.64,683.47,3329.6201171875
2020-01-21,2239.69,676.52,3320.7900390625
2020-01-22,2267.25,688.25,3321.75
2020-01-23,2246.13,685.57,3325.5400390625
2020-01-24,2246.13,685.57,3295.469970703125
2020-01-27,2246.13,685.57,3243.6298828125
2020-01-28,2176.72,664.7,3276.239990234375
2020-01-29,2185.28,670.18,3273.39990234375
2020-01-30,2148.0,656.39,3283.659912109375
2020-01-31,2119.01,642.48,3225.52001953125
2020-02-03,2118.88,646.85,3248.919921875
2020-02-04,2157.9,661.24,3297.590087890625
2020-02-05,2165.63,661.32,3334.68994140625
2020-02-06,2227.94,672.69,3345.780029296875
2020-02-07,2211.95,672.63,3327.7099609375
2020-02-10,2201.07,676.07,3352.090087890625
2020-02-11,2223.12,682.34,3357.75
2020-02-12,2238.38,686.59,3379.449951171875
2020-02-13,2232.96,687.61,3373.93994140625
2020-02-14,2243.59,688.91,3380.159912109375
2020-02-17,2242.17,692.59,3380.159912109375
2020-02-18,2208.88,682.92,3370.2900390625
2020-02-19,2210.34,684.78,3386.14990234375
2020-02-20,2195.5,681.66,3373.22998046875
2020-02-21,2162.84,667.99,3337.75
2020-02-24,2079.04,639.29,3225.889892578125
2020-02-25,2103.61,656.95,3128.2099609375
2020-02-26,2076.77,654.63,3116.389892578125
2020-02-27,2054.89,638.17,2978.760009765625
2020-02-28,1987.01,610.73,2954.219970703125
2020-03-02,2002.51,627.66,3090.22998046875
2020-03-03,2014.15,626.82,3003.3701171875
2020-03-04,2059.33,641.73,3130.1201171875
2020-03-05,2085.26,650.19,3023.93994140625
2020-03-06,2040.22,642.72,2972.3701171875
2020-03-09,1954.77,614.6,2746.56005859375
2020-03-10,1962.93,619.97,2882.22998046875
2020-03-11,1908.27,595.61,2741.3798828125
2020-03-12,1834.33,563.49,2480.639892578125
2020-03-13,1771.44,524.0,2711.02001953125
2020-03-16,1714.86,504.51,2386.1298828125
2020-03-17,1672.44,514.73,2529.18994140625
2020-03-18,1591.2,485.14,2398.10009765625
2020-03-19,1457.64,428.35,2409.389892578125
2020-03-20,1566.15,467.75,2304.919921875
2020-03-23,1482.46,443.76,2237.39990234375
2020-03-24,1609.97,480.4,2447.330078125
2020-03-25,1704.76,505.68,2475.56005859375
2020-03-26,1686.24,516.61,2630.070068359375
2020-03-27,1717.73,522.83,2541.469970703125
2020-03-30,1717.12,542.11,2626.64990234375
2020-03-31,1754.64,569.07,2584.590087890625
2020-04-01,1685.46,551.84,2470.5
2020-04-02,1724.86,567.7,2526.89990234375
2020-04-03,1725.44,573.01,2488.64990234375
2020-04-06,1791.88,597.21,2663.679931640625
2020-04-07,1823.6,606.9,2659.409912109375
2020-04-08,1807.14,607.37,2749.97998046875
2020-04-09,1836.21,615.95,2789.820068359375
2020-04-10,1860.7,611.26,2789.820068359375
2020-04-13,1825.76,596.71,2761.6298828125
2020-04-14,1857.08,610.29,2846.06005859375
2020-04-15,1857.08,610.29,2783.360107421875
2020-04-16,1857.07,623.43,2799.550048828125
2020-04-17,1914.53,634.79,2874.56005859375
2020-04-20,1898.36,637.82,2823.159912109375
2020-04-21,1879.38,628.77,2736.56005859375
2020-04-22,1896.15,635.16,2799.31005859375
2020-04-23,1914.73,643.79,2797.800048828125
2020-04-24,1889.01,632.96,2836.739990234375
2020-04-27,1922.77,646.86,2878.47998046875
2020-04-28,1934.09,644.93,2863.389892578125
2020-04-29,1947.56,645.18,2939.510009765625
2020-04-30,1947.56,645.18,2912.429931640625
2020-05-01,1947.56,645.18,2830.7099609375
2020-05-04,1895.37,641.91,2842.739990234375
2020-05-05,1895.37,641.91,2868.43994140625
2020-05-06,1928.76,658.4,2848.419921875
2020-05-07,1928.61,668.17,2881.18994140625
2020-05-08,1945.82,682.3,2929.800048828125
2020-05-11,1935.4,685.04,2930.18994140625
2020-05-12,1922.17,684.21,2870.1201171875
2020-05-13,1940.42,691.53,2820.0
2020-05-14,1924.96,690.57,2852.5
2020-05-15,1927.28,691.93,2863.699951171875
2020-05-18,1937.11,690.85,2953.909912109375
2020-05-19,1980.61,696.36,2922.93994140625
2020-05-20,1989.64,708.76,2971.610107421875
2020-05-21,1998.31,716.02,2948.510009765625
2020-05-22,1970.13,708.58,2955.449951171875
2020-05-25,1994.6,719.89,2955.449951171875
2020-05-26,2029.78,729.11,2991.77001953125
2020-05-27,2031.2,724.59,3036.1298828125
2020-05-28,2028.54,708.75,3029.72998046875
2020-05-29,2029.6,713.68,3044.31005859375
2020-06-01,2065.08,735.72,3055.72998046875
2020-06-02,2087.19,743.58,3080.820068359375
2020-06-03,2147.0,737.66,3122.8701171875
2020-06-04,2151.18,742.37,3112.35009765625
2020-06-05,2181.87,749.31,3193.929931640625
2020-06-08,2184.29,753.04,3232.389892578125
2020-06-09,2188.92,753.82,3207.179931640625
2020-06-10,2195.69,758.62,3190.139892578125
2020-06-11,2176.78,757.06,3002.10009765625
2020-06-12,2132.3,746.06,3041.31005859375
2020-06-15,2030.82,693.15,3066.590087890625
2020-06-16,2138.05,735.38,3124.739990234375
2020-06-17,2141.05,735.4,3113.489990234375
2020-06-18,2133.48,737.33,3115.340087890625
2020-06-19,2141.32,742.03,3097.739990234375
2020-06-22,2126.73,751.64,3117.860107421875
2020-06-23,2131.24,753.23,3131.2900390625
2020-06-24,2161.51,759.5,3050.330078125
2020-06-25,2112.37,750.36,3083.760009765625
2020-06-26,2134.65,750.58,3009.050048828125
2020-06-29,2093.48,734.69,3053.239990234375
2020-06-30,2108.33,737.97,3100.2900390625
2020-07-01,2106.7,727.58,3115.860107421875
2020-07-02,2135.37,742.55,3130.010009765625
2020-07-03,2152.41,752.18,3130.010009765625
2020-07-06,2187.93,759.9,3179.719970703125
2020-07-07,2164.17,759.16,3145.320068359375
2020-07-08,2158.88,765.96,3169.93994140625
2020-07-09,2167.9,772.9,3152.050048828125
2020-07-10,2150.25,772.81,3185.0400390625
2020-07-13,2186.06,781.19,3155.219970703125
2020-07-14,2183.61,778.39,3197.52001953125
2020-07-15,2201.88,781.29,3226.56005859375
2020-07-16,2183.76,775.07,3215.570068359375
2020-07-17,2201.19,783.22,3224.72998046875
2020-07-20,2198.2,781.96,3251.840087890625
2020-07-21,2228.83,790.58,3257.300048828125
2020-07-22,2228.66,794.99,3276.02001953125
2020-07-23,2216.19,801.69,3235.659912109375
2020-07-24,2200.44,794.8,3215.6298828125
2020-07-27,2217.86,801.23,3239.409912109375
2020-07-28,2256.99,807.85,3218.43994140625
2020-07-29,2263.16,808.59,3258.43994140625
2020-07-30,2267.01,814.19,3246.219970703125
2020-07-31,2249.37,815.3,3271.1201171875
2020-08-03,2251.04,827.57,3294.610107421875
2020-08-04,2279.97,835.35,3306.510009765625
2020-08-05,2311.86,847.28,3327.77001953125
2020-08-06,2342.61,854.12,3349.159912109375
2020-08-07,2351.67,857.63,3351.280029296875
2020-08-10,2386.38,862.76,3360.469970703125
2020-08-11,2418.67,860.23,3333.68994140625
2020-08-12,2432.35,845.6,3380.35009765625
2020-08-13,2437.53,854.77,3373.429931640625
2020-08-14,2407.49,835.03,3372.85009765625
2020-08-17,2407.49,835.03,3381.989990234375
2020-08-18,2348.24,800.22,3389.780029296875
2020-08-19,2360.54,818.74,3374.85009765625
2020-08-20,2274.22,791.14,3385.510009765625
2020-08-21,2304.59,796.01,3397.159912109375
2020-08-24,2329.83,815.74,3431.280029296875
2020-08-25,2366.73,836.31,3443.6201171875
2020-08-26,2369.32,841.35,3478.72998046875
2020-08-27,2344.45,836.4,3484.550048828125
2020-08-28,2353.8,841.3,3508.010009765625
2020-08-31,2326.17,848.24,3500.31005859375
2020-09-01,2349.55,853.37,3526.64990234375
2020-09-02,2364.37,866.74,3580.840087890625
2020-09-03,2395.9,874.13,3455.06005859375
2020-09-04,2368.25,866.04,3426.9599609375
2020-09-07,2384.22,878.88,3426.9599609375
2020-09-08,2401.91,878.29,3331.840087890625
2020-09-09,2375.81,869.47,3398.9599609375
2020-09-10,2396.48,884.3,3339.18994140625
2020-09-11,2396.69,888.44,3340.969970703125
2020-09-14,2427.91,894.17,3383.5400390625
2020-09-15,2443.58,899.46,3401.199951171875
2020-09-16,2435.92,896.28,3385.489990234375
2020-09-17,2406.17,885.18,3357.010009765625
2020-09-18,2412.4,888.88,3319.469970703125
2020-09-21,2389.39,866.99,3281.06005859375
2020-09-22,2332.59,842.72,3315.570068359375
2020-09-23,2333.24,843.45,3236.919921875
2020-09-24,2272.7,806.95,3246.590087890625
2020-09-25,2278.79,808.28,3298.4599609375
2020-09-28,2308.08,835.91,3351.60009765625
2020-09-29,2327.89,848.15,3335.469970703125
2020-09-30,2327.89,848.15,3363.0
2020-10-01,2327.89,848.15,3380.800048828125
2020-10-02,2327.89,848.15,3348.419921875
2020-10-05,2358.0,858.39,3408.60009765625
2020-10-06,2365.9,862.58,3360.969970703125
2020-10-07,2386.94,869.66,3419.43994140625
2020-10-08,2391.96,871.62,3446.830078125
2020-10-09,2391.96,871.62,3477.139892578125
2020-10-12,2403.73,873.5,3534.219970703125
2020-10-13,2403.15,871.92,3511.929931640625
2020-10-14,2380.48,861.48,3488.669921875
2020-10-15,2361.21,844.44,3483.340087890625
2020-10-16,2341.53,833.84,3483.81005859375
2020-10-19,2346.74,822.25,3426.919921875
2020-10-20,2358.41,824.65,3443.1201171875
2020-10-21,2370.86,830.67,3435.56005859375
2020-10-22,2355.05,812.7,3453.489990234375
2020-10-23,2360.81,807.98,3465.389892578125
2020-10-26,2343.91,778.02,3400.969970703125
2020-10-27,2330.84,783.73,3390.679931640625
2020-10-28,2345.26,806.2,3271.030029296875
2020-10-29,2326.67,813.93,3310.110107421875
2020-10-30,2267.15,792.65,3269.9599609375
2020-11-02,2300.16,802.95,3310.239990234375
2020-11-03,2343.31,818.46,3369.159912109375
2020-11-04,2357.32,826.97,3443.43994140625
2020-11-05,2413.79,844.8,3510.449951171875
2020-11-06,2416.5,836.78,3509.43994140625
2020-11-09,2447.2,851.21,3550.5
2020-11-10,2452.83,840.79,3545.530029296875
2020-11-11,2485.87,839.9,3572.659912109375
2020-11-12,2475.62,840.08,3537.010009765625
2020-11-13,2493.87,839.14,3585.14990234375
2020-11-16,2543.03,847.33,3626.909912109375
2020-11-17,2539.15,839.47,3609.530029296875
2020-11-18,2545.64,851.74,3567.7900390625
2020-11-19,2547.42,859.94,3581.8701171875
2020-11-20,2553.5,870.18,3557.5400390625
2020-11-23,2602.59,873.29,3577.590087890625
2020-11-24,2617.76,872.1,3635.409912109375
2020-11-25,2601.54,865.12,3629.64990234375
2020-11-26,2625.91,874.53,3629.64990234375
2020-11-27,2633.45,885.56,3638.35009765625
2020-11-30,2591.34,886.11,3621.6298828125
2020-12-01,2634.25,891.29,3662.449951171875
2020-12-02,2675.9,899.34,3669.010009765625
2020-12-03,2696.22,907.61,3666.719970703125
2020-12-04,2731.45,913.76,3699.1201171875
2020-12-07,2745.44,926.88,3691.9599609375
2020-12-08,2700.93,906.84,3702.25
2020-12-09,2755.47,913.81,3672.820068359375
2020-12-10,2746.46,921.7,3668.10009765625
2020-12-11,2770.06,928.44,3663.4599609375
2020-12-14,2762.2,929.54,3647.489990234375
2020-12-15,2756.82,931.27,3694.6201171875
2020-12-16,2771.79,939.65,3701.169921875
2020-12-17,2770.43,944.04,3722.47998046875
2020-12-18,2772.18,947.24,3709.409912109375
2020-12-21,2778.65,953.58,3694.919921875
2020-12-22,2733.68,928.73,3687.260009765625
2020-12-23,2759.82,923.17,3690.010009765625
2020-12-24,2806.86,928.68,3703.06005859375
2020-12-28,2808.6,927.0,3735.360107421875
2020-12-29,2820.51,957.41,3727.0400390625
2020-12-30,2873.47,968.42,3732.0400390625
2020-12-31,2873.47,968.42,3756.070068359375
2021-01-04,2944.45,977.62,3700.64990234375
2021-01-05,2990.57,985.76,3726.860107421875
2021-01-06,2968.21,981.39,3748.139892578125
2021-01-07,3031.68,988.86,3803.7900390625
2021-01-08,3152.18,987.79,3824.679931640625
2021-01-11,3148.45,976.63,3799.610107421875
2021-01-12,3125.95,973.72,3801.18994140625
2021-01-13,3148.29,979.13,3809.840087890625
2021-01-14,3149.93,980.29,3795.5400390625
2021-01-15,3085.9,964.44,3768.25
2021-01-18,3013.93,944.67,3768.25
2021-01-19,3092.66,957.75,3798.909912109375
2021-01-20,3114.55,977.66,3851.85009765625
2021-01-21,3160.84,981.4,3853.070068359375
2021-01-22,3140.63,979.98,3841.469970703125
2021-01-25,3208.99,999.3,3855.360107421875
2021-01-26,3140.31,994.0,3849.6201171875
2021-01-27,3122.56,985.92,3750.77001953125
2021-01-28,3069.05,961.23,3787.3798828125
2021-01-29,2976.21,928.73,3714.239990234375
2021-02-01,3056.53,956.92,3773.860107421875
2021-02-02,3096.81,963.81,3826.31005859375
2021-02-03,3129.68,970.69,3830.169921875
2021-02-04,3087.55,964.58,3871.739990234375
2021-02-05,3120.63,967.42,3886.830078125
2021-02-08,3091.24,960.78,3915.590087890625
2021-02-09,3084.67,957.85,3911.22998046875
2021-02-10,3100.58,964.31,3909.8798828125
2021-02-11,3100.58,964.31,3916.3798828125
2021-02-12,3100.58,964.31,3934.830078125
2021-02-15,3147.0,981.97,3934.830078125
2021-02-16,3163.25,977.74,3932.590087890625
2021-02-17,3133.73,979.77,3931.330078125
2021-02-18,3086.66,967.42,3913.969970703125
2021-02-19,3107.62,965.11,3906.7099609375
2021-02-22,3079.75,954.29,3876.5
2021-02-23,3070.09,936.6,3881.3701171875
2021-02-24,2994.98,906.31,3925.429931640625
2021-02-25,3099.69,936.21,3829.340087890625
2021-02-26,3012.95,913.94,3811.14990234375
2021-03-01,3012.95,913.94,3901.820068359375
2021-03-02,3043.87,923.17,3870.2900390625
2021-03-03,3082.99,930.8,3819.719970703125
2021-03-04,3043.49,926.2,3768.469970703125
2021-03-05,3026.26,923.48,3841.93994140625
2021-03-08,2996.11,904.77,3821.35009765625
2021-03-09,2976.12,896.36,3875.43994140625
2021-03-10,2958.12,890.07,3898.81005859375
2021-03-11,3013.7,908.01,3939.340087890625
2021-03-12,3054.39,925.49,3943.340087890625
2021-03-15,3045.71,926.9,3968.93994140625
2021-03-16,3067.17,940.65,3962.7099609375
2021-03-17,3047.5,943.78,3974.1201171875
2021-03-18,3066.01,949.83,3915.4599609375
2021-03-19,3039.53,952.11,3913.10009765625
2021-03-22,3035.46,955.38,3940.590087890625
2021-03-23,3004.74,946.31,3910.52001953125
2021-03-24,2996.35,953.82,3889.139892578125
2021-03-25,3008.33,954.99,3909.52001953125
2021-03-26,3041.01,956.7,3974.5400390625
2021-03-29,3036.04,954.1,3971.090087890625
2021-03-30,3070.0,958.06,3958.550048828125
2021-03-31,3061.42,956.17,3972.889892578125
2021-04-01,3087.4,965.78,4019.8701171875
2021-04-02,3112.8,970.09,4019.8701171875
2021-04-05,3120.83,969.77,4077.909912109375
2021-04-06,3127.08,968.63,4073.93994140625
2021-04-07,3137.41,973.22,4079.949951171875
2021-04-08,3143.26,982.02,4097.169921875
2021-04-09,3131.88,989.39,4128.7998046875
2021-04-12,3135.59,1000.65,4127.990234375
2021-04-13,3169.08,1010.37,4141.58984375
2021-04-14,3182.38,1014.42,4124.66015625
2021-04-15,3194.33,1013.9,4170.419921875
2021-04-16,3198.62,1021.62,4185.47021484375
2021-04-19,3198.84,1029.46,4163.259765625
2021-04-20,3220.7,1031.88,4134.93994140625
2021-04-21,3171.66,1022.22,4173.419921875
2021-04-22,3177.52,1025.71,4134.97998046875
2021-04-23,3186.1,1026.82,4180.169921875
2021-04-26,3217.53,1030.06,4187.6201171875
2021-04-27,3215.42,1021.01,4186.72021484375
2021-04-28,3181.47,998.27,4183.18017578125
2021-04-29,3174.07,990.69,4211.47021484375
2021-04-30,3147.86,983.45,4181.169921875
2021-05-03,3127.2,961.81,4192.66015625
2021-05-04,3147.37,967.2,4164.66015625
2021-05-05,3147.37,967.2,4167.58984375
2021-05-06,3178.74,969.99,4201.6201171875
2021-05-07,3197.2,978.3,4232.60009765625
2021-05-10,3249.3,992.8,4188.43017578125
2021-05-11,3209.43,978.61,4152.10009765625
2021-05-12,3161.66,967.1,4063.0400390625
2021-05-13,3122.11,951.77,4112.5
2021-05-14,3153.32,966.72,4173.85009765625
2021-05-17,3134.52,962.5,4163.2900390625
2021-05-18,3173.05,969.1,4127.830078125
2021-05-19,3173.05,969.1,4115.68017578125
2021-05-20,3162.28,971.13,4159.1201171875
2021-05-21,3156.42,965.63,4155.85986328125
2021-05-24,3144.3,948.37,4197.0498046875
2021-05-25,3171.32,962.07,4188.1298828125
2021-05-26,3168.43,966.06,4195.990234375
2021-05-27,3165.51,974.08,4200.8798828125
2021-05-28,3188.73,977.46,4204.10986328125
2021-05-31,3203.92,981.78,4204.10986328125
2021-06-01,3221.87,984.59,4202.0400390625
2021-06-02,3224.23,981.1,4208.1201171875
2021-06-03,3247.43,990.19,4192.85009765625
2021-06-04,3240.08,987.58,4229.89013671875
2021-06-07,3252.12,985.86,4226.52001953125
2021-06-08,3247.83,986.12,4227.259765625
2021-06-09,3216.18,978.79,4219.5498046875
2021-06-10,3224.64,987.77,4239.18017578125
2021-06-11,3249.32,991.13,4247.43994140625
2021-06-14,3252.13,997.41,4255.14990234375
2021-06-15,3258.63,997.37,4246.58984375
2021-06-16,3278.68,998.49,4223.7001953125
2021-06-17,3264.96,1003.72,4221.85986328125
2021-06-18,3267.93,1015.88,4166.4501953125
2021-06-21,3240.79,1010.99,4224.7900390625
2021-06-22,3263.88,1011.56,4246.43994140625
2021-06-23,3276.19,1016.46,4241.83984375
2021-06-24,3286.1,1012.62,4266.490234375
2021-06-25,3302.84,1012.13,4280.7001953125
2021-06-28,3301.89,1017.91,4290.60986328125
2021-06-29,3286.68,1022.52,4291.7998046875
2021-06-30,3296.68,1029.96,4297.5
2021-07-01,3282.06,1035.64,4319.93994140625
2021-07-02,3281.78,1038.18,4352.33984375
2021-07-05,3293.21,1047.33,4352.33984375
2021-07-06,3305.21,1044.96,4343.5400390625
2021-07-07,3285.34,1047.36,4358.1298828125
2021-07-08,3252.68,1034.48,4320.81982421875
2021-07-09,3217.95,1028.93,4369.5498046875
2021-07-12,3246.47,1034.64,4384.6298828125
2021-07-13,3271.38,1043.31,4369.2099609375
2021-07-14,3264.81,1044.98,4374.2998046875
2021-07-15,3286.22,1054.31,4360.02978515625
2021-07-16,3276.91,1051.98,4327.16015625
2021-07-19,3244.04,1049.83,4258.490234375
2021-07-20,3232.7,1043.64,4323.06005859375
2021-07-21,3215.91,1042.03,4358.68994140625
2021-07-22,3250.21,1050.25,4367.47998046875
2021-07-23,3254.42,1055.5,4411.7900390625
2021-07-26,3224.95,1047.63,4422.2998046875
2021-07-27,3232.53,1046.55,4401.4599609375
2021-07-28,3236.86,1035.68,4400.64013671875
2021-07-29,3242.65,1044.13,4419.14990234375
2021-07-30,3202.32,1031.14,4395.259765625
2021-08-02,3223.04,1037.8,4387.16015625
2021-08-03,3237.14,1036.11,4423.14990234375
2021-08-04,3280.38,1047.93,4402.66015625
2021-08-05,3276.13,1059.54,4429.10009765625
2021-08-06,3270.36,1059.8,4436.52001953125
2021-08-09,3260.42,1060.0,4432.35009765625
2021-08-10,3243.19,1052.07,4436.75
2021-08-11,3220.62,1051.92,4442.41015625
2021-08-12,3208.38,1054.09,4460.830078125
2021-08-13,3171.29,1040.78,4468.0
2021-08-16,3171.29,1040.78,4479.7099609375
2021-08-17,3143.09,1011.05,4448.080078125
2021-08-18,3158.93,1021.08,4400.27001953125
2021-08-19,3097.83,991.15,4405.7998046875
2021-08-20,3060.51,967.9,4441.669921875
2021-08-23,3090.21,993.18,4479.52978515625
2021-08-24,3138.3,1013.18,4486.22998046875
2021-08-25,3146.81,1017.78,4496.18994140625
2021-08-26,3128.53,1020.44,4470.0
2021-08-27,3133.9,1023.51,4509.3701171875
2021-08-30,3144.19,1031.84,4528.7900390625
2021-08-31,3199.27,1038.33,4522.68017578125
2021-09-01,3207.02,1045.98,4524.08984375
2021-09-02,3175.85,1047.19,4536.9501953125
2021-09-03,3201.06,1053.85,4535.43017578125
2021-09-06,3203.33,1052.96,4535.43017578125
2021-09-07,3187.42,1054.43,4520.02978515625
2021-09-08,3162.99,1037.22,4514.06982421875
2021-09-09,3114.7,1034.62,4493.27978515625
2021-09-10,3125.76,1037.91,4458.580078125
2021-09-13,3127.86,1026.34,4468.72998046875
2021-09-14,3148.83,1037.74,4443.0498046875
2021-09-15,3153.4,1042.79,4480.7001953125
2021-09-16,3130.09,1039.43,4473.75
2021-09-17,3140.51,1046.12,4432.990234375
2021-09-20,3140.51,1046.12,4357.72998046875
2021-09-21,3140.51,1046.12,4354.18994140625
2021-09-22,3140.51,1046.12,4395.64013671875
2021-09-23,3127.58,1036.26,4448.97998046875
2021-09-24,3125.24,1037.03,4455.47998046875
2021-09-27,3133.64,1034.82,4443.10986328125
2021-09-28,3097.92,1012.51,4352.6298828125
2021-09-29,3060.27,1001.46,4359.4599609375
2021-09-30,3068.82,1003.27,4307.5400390625
2021-10-01,3019.18,983.2,4357.0400390625
2021-10-04,3019.18,983.2,4300.4599609375
2021-10-05,2962.17,955.37,4345.72021484375
2021-10-06,2908.31,922.36,4363.5498046875
2021-10-07,2959.46,953.43,4399.759765625
2021-10-08,2956.3,953.11,4391.33984375
2021-10-11,2956.3,953.11,4361.18994140625
2021-10-12,2916.38,940.15,4350.64990234375
2021-10-13,2944.41,953.47,4363.7998046875
2021-10-14,2988.64,983.43,4438.259765625
2021-10-15,3015.06,990.54,4471.3701171875
2021-10-18,3006.68,993.86,4486.4599609375
2021-10-19,3029.04,1005.35,4519.6298828125
2021-10-20,3013.13,1001.62,4536.18994140625
2021-10-21,3007.33,993.7,4549.77978515625
2021-10-22,3006.16,995.07,4544.89990234375
2021-10-25,3020.54,994.31,4566.47998046875
2021-10-26,3049.08,1011.76,4574.7900390625
2021-10-27,3025.49,1008.95,4551.68017578125
2021-10-28,3009.55,1000.13,4596.419921875
2021-10-29,2970.68,992.33,4605.3798828125
2021-11-01,2978.94,998.57,4613.669921875
2021-11-02,3013.49,1009.44,4630.64990234375
2021-11-03,2975.71,1005.0,4660.56982421875
2021-11-04,2983.22,1001.43,4680.06005859375
2021-11-05,2969.27,1001.35,4697.52978515625
2021-11-08,2960.2,1002.5,4701.7001953125
2021-11-09,2962.46,1008.68,4685.25
2021-11-10,2930.17,987.75,4646.7099609375
2021-11-11,2924.92,992.65,4649.27001953125
2021-11-12,2968.8,1009.07,4682.85009765625
2021-11-15,2999.52,1029.03,4682.7998046875
2021-11-16,2997.21,1035.46,4700.89990234375
2021-11-17,2962.42,1031.26,4688.669921875
2021-11-18,2947.38,1032.77,4704.5400390625
2021-11-19,2971.02,1041.92,4697.9599609375
2021-11-22,3013.25,1032.31,4682.93994140625
2021-11-23,2997.33,1013.72,4690.7001953125
2021-11-24,2994.29,1020.13,4701.4599609375
2021-11-25,2980.27,1015.66,4701.4599609375
2021-11-26,2936.44,1005.89,4594.6201171875
2021-11-29,2909.32,992.34,4655.27001953125
2021-11-30,2839.01,965.63,4567.0
2021-12-01,2899.72,977.15,4513.0400390625
2021-12-02,2945.27,977.43,4577.10009765625
2021-12-03,2968.33,998.47,4538.43017578125
2021-12-06,2973.25,991.87,4591.669921875
2021-12-07,2991.72,996.64,4686.75
2021-12-08,3001.8,1006.04,4701.2099609375
2021-12-09,3029.57,1022.87,4667.4501953125
2021-12-10,3010.23,1011.57,4712.02001953125
2021-12-13,3001.66,1005.96,4668.97021484375
2021-12-14,2987.95,1002.81,4634.08984375
2021-12-15,2989.39,1003.52,4709.85009765625
2021-12-16,3006.41,1007.86,4668.669921875
2021-12-17,3017.73,1001.26,4620.64013671875
2021-12-20,2963.0,990.51,4568.02001953125
2021-12-21,2975.03,996.6,4649.22998046875
2021-12-22,2984.48,1000.13,4696.56005859375
2021-12-23,2998.17,1003.31,4725.7900390625
2021-12-24,3012.43,1007.42,4725.7900390625
2021-12-27,2999.55,1011.36,4791.18994140625
2021-12-28,3020.24,1027.44,4786.35009765625
2021-12-29,2993.29,1028.05,4793.06005859375
2021-12-30,2977.65,1033.98,4778.72998046875
2021-12-31,2977.65,1033.98,4766.18017578125
2022-01-03,2988.77,1037.83,4796.56005859375
2022-01-04,2989.24,1031.66,4793.5400390625
2022-01-05,2953.97,1009.62,4700.580078125
2022-01-06,2920.53,980.3,4696.0498046875
2022-01-07,2954.89,995.16,4677.02978515625
2022-01-10,2926.72,980.38,4670.2900390625
2022-01-11,2927.38,969.92,4713.06982421875
2022-01-12,2972.48,991.33,4726.35009765625
2022-01-13,2962.09,983.25,4659.02978515625
2022-01-14,2921.92,971.39,4662.85009765625
2022-01-17,2890.1,957.9,4662.85009765625
2022-01-18,2864.24,943.94,4577.10986328125
2022-01-19,2842.28,933.9,4532.759765625
2022-01-20,2862.68,958.7,4482.72998046875
2022-01-21,2834.29,942.85,4397.93994140625
2022-01-24,2792.0,915.4,4410.1298828125
2022-01-25,2720.39,889.44,4356.4501953125
2022-01-26,2709.24,882.09,4349.93017578125
2022-01-27,2614.49,849.23,4326.509765625
2022-01-28,2663.34,872.87,4431.85009765625
2022-01-31,2663.34,872.87,4515.5498046875
2022-02-01,2663.34,872.87,4546.5400390625
2022-02-02,2663.34,872.87,4589.3798828125
2022-02-03,2707.82,891.6,4477.43994140625
2022-02-04,2750.26,902.87,4500.52978515625
2022-02-07,2745.06,899.4,4483.8701171875
2022-02-08,2746.47,895.27,4521.5400390625
2022-02-09,2768.85,910.53,4587.18017578125
2022-02-10,2771.93,895.68,4504.080078125
2022-02-11,2747.71,877.42,4418.64013671875
2022-02-14,2704.48,852.79,4401.669921875
2022-02-15,2676.54,839.92,4471.06982421875
2022-02-16,2729.68,878.15,4475.009765625
2022-02-17,2744.09,874.22,4380.259765625
2022-02-18,2744.52,881.71,4348.8701171875
2022-02-21,2743.8,884.25,4348.8701171875
2022-02-22,2706.79,868.11,4304.759765625
2022-02-23,2719.53,877.33,4225.5
2022-02-24,2648.8,848.21,4288.7001953125
2022-02-25,2676.76,872.98,4384.64990234375
2022-02-28,2699.18,881.07,4373.93994140625
2022-03-01,2699.18,881.07,4306.259765625
2022-03-02,2703.52,895.45,4386.5400390625
2022-03-03,2747.08,912.32,4363.490234375
2022-03-04,2713.43,900.96,4328.8701171875
2022-03-07,2651.31,881.54,4201.08984375
2022-03-08,2622.4,870.14,4170.7001953125
2022-03-09,2622.4,870.14,4277.8798828125
2022-03-10,2680.32,889.08,4259.52001953125
2022-03-11,2661.28,891.71,4204.31005859375
2022-03-14,2645.65,872.44,4173.10986328125
2022-03-15,2621.53,871.22,4262.4501953125
2022-03-16,2659.23,891.8,4357.85986328125
2022-03-17,2694.51,914.13,4411.669921875
2022-03-18,2707.02,922.96,4463.1201171875
2022-03-21,2686.05,918.4,4461.18017578125
2022-03-22,2710.0,924.67,4511.60986328125
2022-03-23,2735.05,930.57,4456.240234375
2022-03-24,2729.66,931.75,4520.16015625
2022-03-25,2729.98,934.69,4543.06005859375
2022-03-28,2729.56,927.11,4575.52001953125
2022-03-29,2741.07,937.83,4631.60009765625
2022-03-30,2746.74,939.07,4602.4501953125
2022-03-31,2757.65,944.53,4530.41015625
2022-04-01,2739.85,940.57,4545.85986328125
2022-04-04,2757.9,947.32,4582.64013671875
2022-04-05,2759.2,952.47,4525.1201171875
2022-04-06,2735.03,943.13,4481.14990234375
2022-04-07,2695.86,927.95,4500.2099609375
2022-04-08,2700.39,934.73,4488.27978515625
2022-04-11,2693.1,921.83,4412.52978515625
2022-04-12,2666.76,913.82,4397.4501953125
2022-04-13,2716.49,927.31,4446.58984375
2022-04-14,2716.71,928.01,4392.58984375
2022-04-15,2696.06,924.44,4392.58984375
2022-04-18,2693.21,918.23,4391.68994140625
2022-04-19,2718.89,931.56,4462.2099609375
2022-04-20,2718.69,928.93,4459.4501953125
2022-04-21,2728.21,929.68,4393.66015625
2022-04-22,2704.71,922.78,4271.77978515625
2022-04-25,2657.13,899.84,4296.1201171875
2022-04-26,2668.31,911.16,4175.2001953125
2022-04-27,2639.06,896.18,4183.9599609375
2022-04-28,2667.49,892.22,4287.5
2022-04-29,2695.05,904.75,4131.93017578125
2022-05-02,2687.45,901.82,4155.3798828125
2022-05-03,2680.46,907.57,4175.47998046875
2022-05-04,2677.57,900.06,4300.169921875
2022-05-05,2677.57,900.06,4146.8701171875
2022-05-06,2644.51,884.22,4123.33984375
2022-05-09,2610.81,860.84,3991.239990234375
2022-05-10,2596.56,856.14,4001.050048828125
2022-05-11,2592.27,866.34,3935.179931640625
2022-05-12,2550.08,833.66,3930.080078125
2022-05-13,2604.24,853.08,4023.889892578125
2022-05-16,2596.58,856.25,4008.010009765625
2022-05-17,2620.44,865.98,4088.85009765625
2022-05-18,2625.98,871.57,3923.679931640625
2022-05-19,2592.34,863.8,3900.7900390625
2022-05-20,2639.29,879.88,3901.360107421875
2022-05-23,2647.38,883.59,3973.75
2022-05-24,2605.87,865.07,3941.47998046875
2022-05-25,2617.22,872.69,3978.72998046875
2022-05-26,2612.45,871.43,4057.840087890625
2022-05-27,2638.05,873.97,4158.240234375
2022-05-30,2669.66,886.44,4158.240234375
2022-05-31,2685.9,893.36,4132.14990234375
2022-06-01,2685.9,893.36,4101.22998046875
2022-06-02,2658.99,891.14,4176.81982421875
2022-06-03,2670.65,891.51,4108.5400390625
2022-06-06,2670.65,891.51,4121.43017578125
2022-06-07,2626.34,873.78,4160.68017578125
2022-06-08,2626.15,874.95,4115.77001953125
2022-06-09,2625.44,877.18,4017.820068359375
2022-06-10,2595.87,869.86,3900.860107421875
2022-06-13,2504.51,828.77,3749.6298828125
2022-06-14,2492.97,823.58,3735.47998046875
2022-06-15,2447.38,799.41,3789.989990234375
2022-06-16,2451.41,802.15,3666.77001953125
2022-06-17,2440.93,798.69,3674.840087890625
2022-06-20,2391.03,769.92,3674.840087890625
2022-06-21,2408.93,778.3,3764.7900390625
2022-06-22,2342.81,746.96,3759.889892578125
2022-06-23,2314.32,714.38,3795.72998046875
2022-06-24,2366.6,750.3,3911.739990234375
2022-06-27,2401.92,770.6,3900.110107421875
2022-06-28,2422.09,769.51,3821.550048828125
2022-06-29,2377.99,762.35,3818.830078125
2022-06-30,2332.64,745.44,3785.3798828125
2022-07-01,2305.42,729.48,3825.330078125
2022-07-04,2300.34,722.73,3825.330078125
2022-07-05,2341.78,750.95,3831.389892578125
2022-07-06,2292.01,744.63,3845.080078125
2022-07-07,2334.27,757.97,3902.6201171875
2022-07-08,2350.61,766.48,3899.3798828125
2022-07-11,2340.27,767.04,3854.429931640625
2022-07-12,2317.76,750.78,3818.800048828125
2022-07-13,2328.61,763.18,3801.780029296875
2022-07-14,2322.32,766.08,3790.3798828125
2022-07-15,2330.98,762.39,3863.159912109375
2022-07-18,2375.25,776.72,3830.85009765625
2022-07-19,2370.97,782.33,3936.68994140625
2022-07-20,2386.85,790.72,3959.89990234375
2022-07-21,2409.16,795.15,3998.949951171875
2022-07-22,2393.14,789.75,3961.6298828125
2022-07-25,2403.69,789.69,3966.840087890625
2022-07-26,2412.96,789.93,3921.050048828125
2022-07-27,2415.53,795.7,4023.610107421875
2022-07-28,2435.27,798.32,4072.429931640625
2022-07-29,2451.5,803.62,4130.2900390625
2022-08-01,2452.25,807.61,4118.6298828125
2022-08-02,2439.62,804.34,4091.18994140625
2022-08-03,2461.45,815.36,4155.169921875
2022-08-04,2473.11,825.16,4151.93994140625
2022-08-05,2490.8,831.64,4145.18994140625
2022-08-08,2493.1,830.86,4140.06005859375
2022-08-09,2503.46,833.65,4122.47021484375
2022-08-10,2480.88,820.27,4210.240234375
2022-08-11,2523.78,832.15,4207.27001953125
2022-08-12,2527.94,831.63,4280.14990234375
2022-08-15,2527.94,831.63,4297.14013671875
2022-08-16,2533.52,834.74,4305.2001953125
2022-08-17,2516.47,827.42,4274.0400390625
2022-08-18,2508.05,826.06,4283.740234375
2022-08-19,2492.69,814.17,4228.47998046875
2022-08-22,2462.5,795.87,4137.990234375
2022-08-23,2435.34,783.42,4128.72998046875
2022-08-24,2447.45,793.14,4140.77001953125
2022-08-25,2477.26,807.37,4199.1201171875
2022-08-26,2481.03,802.45,4057.659912109375
2022-08-29,2426.89,779.89,4030.610107421875
2022-08-30,2450.93,797.02,3986.159912109375
2022-08-31,2472.05,807.04,3955.0
2022-09-01,2415.61,788.32,3966.85009765625
2022-09-02,2409.41,785.88,3924.260009765625
2022-09-05,2403.68,771.43,3924.260009765625
2022-09-06,2410.02,779.46,3908.18994140625
2022-09-07,2376.46,768.19,3979.8701171875
2022-09-08,2384.28,777.81,4006.179931640625
2022-09-09,2384.28,777.81,4067.360107421875
2022-09-12,2384.28,777.81,4110.41015625
2022-09-13,2449.54,796.79,3932.68994140625
2022-09-14,2411.42,782.93,3946.010009765625
2022-09-15,2401.83,781.38,3901.35009765625
2022-09-16,2382.78,770.04,3873.330078125
2022-09-19,2355.66,751.91,3899.889892578125
2022-09-20,2367.85,760.35,3855.929931640625
2022-09-21,2347.21,754.89,3789.929931640625
2022-09-22,2332.31,751.41,3757.989990234375
2022-09-23,2290.0,729.36,3693.22998046875
2022-09-26,2220.94,692.37,3655.0400390625
2022-09-27,2223.86,698.11,3647.2900390625
2022-09-28,2169.29,673.87,3719.0400390625
2022-09-29,2170.93,675.07,3640.469970703125
2022-09-30,2155.49,672.65,3585.6201171875
2022-10-03,2155.49,672.65,3678.429931640625
2022-10-04,2209.38,696.79,3790.929931640625
2022-10-05,2215.22,685.34,3783.280029296875
2022-10-06,2237.86,706.01,3744.52001953125
2022-10-07,2232.84,698.49,3639.659912109375
2022-10-10,2232.84,698.49,3612.389892578125
2022-10-11,2192.07,669.5,3588.840087890625
2022-10-12,2202.47,671.67,3577.030029296875
2022-10-13,2162.87,651.59,3669.909912109375
2022-10-14,2212.55,678.24,3583.070068359375
2022-10-17,2219.71,682.0,3677.949951171875
2022-10-18,2249.95,697.09,3719.97998046875
2022-10-19,2237.44,690.56,3695.159912109375
2022-10-20,2218.09,680.44,3665.780029296875
2022-10-21,2213.12,674.48,3752.75
2022-10-24,2236.16,688.5,3797.340087890625
2022-10-25,2235.07,688.85,3859.110107421875
2022-10-26,2249.56,683.17,3830.60009765625
2022-10-27,2288.78,695.09,3807.300048828125
2022-10-28,2268.4,687.63,3901.06005859375
2022-10-31,2293.61,695.33,3871.97998046875
2022-11-01,2335.22,700.05,3856.10009765625
2022-11-02,2336.87,697.37,3759.68994140625
2022-11-03,2329.17,694.13,3719.889892578125
2022-11-04,2348.43,693.89,3770.550048828125
2022-11-07,2371.79,700.48,3806.800048828125
2022-11-08,2399.04,713.33,3828.110107421875
2022-11-09,2424.41,714.6,3748.570068359375
2022-11-10,2402.23,707.78,3956.3701171875
2022-11-11,2483.16,731.22,3992.929931640625
2022-11-14,2474.65,729.54,3957.25
2022-11-15,2480.33,744.96,3991.72998046875
2022-11-16,2477.45,743.1,3958.7900390625
2022-11-17,2442.9,737.54,3946.56005859375
2022-11-18,2444.48,731.92,3965.340087890625
2022-11-21,2419.5,718.57,3949.93994140625
2022-11-22,2405.27,712.26,4003.580078125
2022-11-23,2418.01,725.59,4027.260009765625
2022-11-24,2441.33,738.22,4027.260009765625
2022-11-25,2437.86,733.56,4026.1201171875
2022-11-28,2408.27,717.9,3963.93994140625
2022-11-29,2433.39,727.54,3957.6298828125
2022-11-30,2472.53,729.54,4080.110107421875
2022-12-01,2479.84,740.6,4076.570068359375
2022-12-02,2434.33,732.95,4071.699951171875
2022-12-05,2419.32,733.32,3998.840087890625
2022-12-06,2393.16,719.44,3941.260009765625
2022-12-07,2382.81,718.14,3933.919921875
2022-12-08,2371.08,712.52,3963.510009765625
2022-12-09,2389.04,719.49,3934.3798828125
2022-12-12,2373.02,715.22,3990.56005859375
2022-12-13,2372.4,715.16,4019.64990234375
2022-12-14,2399.25,729.0,3995.320068359375
2022-12-15,2360.97,722.68,3895.75
2022-12-16,2360.02,717.41,3852.360107421875
2022-12-19,2352.17,717.22,3817.659912109375
2022-12-20,2333.29,703.13,3821.6201171875
2022-12-21,2328.95,705.7,3878.43994140625
2022-12-22,2356.73,715.02,3822.389892578125
2022-12-23,2313.69,691.25,3844.820068359375
2022-12-26,2317.14,694.68,3844.820068359375
2022-12-27,2332.79,704.19,3829.25
2022-12-28,2280.45,692.37,3783.219970703125
2022-12-29,2236.4,679.29,3849.280029296875
2022-12-30,2236.4,679.29,3839.5
2023-01-02,2225.67,671.51,3839.5
2023-01-03,2218.68,674.95,3824.139892578125
2023-01-04,2255.98,683.67,3852.969970703125
2023-01-05,2264.65,679.92,3808.10009765625
2023-01-06,2289.97,688.94,3895.080078125
2023-01-09,2350.19,701.21,3892.090087890625
2023-01-10,2351.31,696.05,3919.25
2023-01-11,2359.53,709.77,3969.610107421875
2023-01-12,2365.1,710.82,3983.169921875
2023-01-13,2386.09,711.82,3999.090087890625
2023-01-16,2399.86,716.89,3999.090087890625
2023-01-17,2379.39,709.71,3990.969970703125
2023-01-18,2368.32,711.75,3928.860107421875
2023-01-19,2380.34,712.89,3898.85009765625
2023-01-20,2395.26,717.97,3972.610107421875
2023-01-23,2395.26,717.97,4019.81005859375
2023-01-24,2395.26,717.97,4016.949951171875
2023-01-25,2428.57,732.35,4016.219970703125
2023-01-26,2468.65,738.94,4060.429931640625
2023-01-27,2484.02,741.25,4070.56005859375
2023-01-30,2450.47,738.62,4017.77001953125
2023-01-31,2425.08,740.49,4076.60009765625
2023-02-01,2449.8,750.96,4119.2099609375
2023-02-02,2468.88,764.62,4179.759765625
2023-02-03,2480.4,766.79,4136.47998046875
2023-02-06,2438.19,761.33,4111.080078125
2023-02-07,2451.71,772.79,4164.0
2023-02-08,2483.64,779.98,4117.85986328125
2023-02-09,2481.52,784.58,4081.5
2023-02-10,2469.73,772.44,4090.4599609375
2023-02-13,2452.7,772.55,4137.2900390625
2023-02-14,2465.64,779.58,4136.1298828125
2023-02-15,2427.9,765.46,4147.60009765625
2023-02-16,2475.48,784.71,4090.409912109375
2023-02-17,2451.21,775.62,4079.090087890625
2023-02-20,2455.12,788.89,4079.090087890625
2023-02-21,2458.96,793.42,3997.340087890625
2023-02-22,2417.68,778.51,3991.050048828125
2023-02-23,2439.09,783.28,4012.320068359375
2023-02-24,2423.61,778.88,3970.0400390625
2023-02-27,2402.64,780.3,3982.239990234375
2023-02-28,2412.85,791.6,3970.14990234375
2023-03-01,2412.85,791.6,3951.389892578125
2023-03-02,2427.85,787.19,3981.35009765625
2023-03-03,2432.07,802.42,4045.639892578125
2023-03-06,2462.62,816.51,4048.419921875
2023-03-07,2463.35,815.76,3986.3701171875
2023-03-08,2431.91,813.95,3992.010009765625
2023-03-09,2419.09,809.22,3918.320068359375
2023-03-10,2394.59,788.6,3861.590087890625
2023-03-13,2410.6,788.89,3855.760009765625
2023-03-14,2348.97,758.05,3919.2900390625
2023-03-15,2379.72,781.17,3891.929931640625
2023-03-16,2377.91,781.98,3960.280029296875
2023-03-17,2395.69,797.39,3916.639892578125
2023-03-20,2379.2,802.2,3951.570068359375
2023-03-21,2388.35,802.53,4002.8701171875
2023-03-22,2416.96,813.43,3936.969970703125
2023-03-23,2424.48,812.19,3948.719970703125
2023-03-24,2414.96,824.11,3970.989990234375
2023-03-27,2409.22,827.69,3977.530029296875
2023-03-28,2434.94,833.51,3971.27001953125
2023-03-29,2443.92,843.94,4027.81005859375
2023-03-30,2453.16,850.48,4050.830078125
2023-03-31,2476.86,847.52,4109.31005859375
2023-04-03,2472.34,854.96,4124.509765625
2023-04-04,2480.51,857.18,4100.60009765625
2023-04-05,2495.21,872.36,4090.3798828125
2023-04-06,2459.23,865.58,4105.02001953125
2023-04-07,2490.41,880.07,4105.02001953125
2023-04-10,2512.08,887.78,4109.10986328125
2023-04-11,2547.86,898.94,4108.93994140625
2023-04-12,2550.64,890.62,4091.949951171875
2023-04-13,2561.66,894.25,4146.22021484375
2023-04-14,2571.49,903.84,4137.64013671875
2023-04-17,2575.91,909.5,4151.31982421875
2023-04-18,2571.09,909.02,4154.8701171875
2023-04-19,2575.08,909.2,4154.52001953125
2023-04-20,2563.11,885.71,4129.7900390625
2023-04-21,2544.4,868.82,4133.52001953125
2023-04-24,2523.5,855.23,4137.0400390625
2023-04-25,2489.02,838.71,4071.6298828125
2023-04-26,2484.83,830.44,4055.989990234375
2023-04-27,2495.81,850.21,4135.35009765625
2023-04-28,2501.53,842.83,4169.47998046875
2023-05-01,2501.53,842.83,4167.8701171875
2023-05-02,2524.39,855.61,4119.580078125
2023-05-03,2501.4,843.18,4090.75
2023-05-04,2500.94,845.06,4061.219970703125
2023-05-05,2500.94,845.06,4136.25
2023-05-08,2513.21,842.28,4138.1201171875
2023-05-09,2510.06,835.85,4119.169921875
2023-05-10,2496.51,829.74,4137.64013671875
2023-05-11,2491.0,824.54,4130.6201171875
2023-05-12,2475.42,822.43,4124.080078125
2023-05-15,2479.35,814.53,4136.27978515625
2023-05-16,2480.24,816.75,4109.89990234375
2023-05-17,2494.66,834.19,4158.77001953125
2023-05-18,2515.4,835.89,4198.0498046875
2023-05-19,2537.79,841.72,4191.97998046875
2023-05-22,2557.08,852.04,4192.6298828125
2023-05-23,2567.55,859.16,4145.580078125
2023-05-24,2567.45,855.46,4115.240234375
2023-05-25,2554.69,847.72,4151.27978515625
2023-05-26,2558.81,843.23,4205.4501953125
2023-05-30,2585.52,851.5,4205.52001953125
2023-05-31,2577.12,856.94,4179.830078125
2023-06-01,2569.17,863.78,4221.02001953125
2023-06-02,2601.36,868.06,4282.3701171875
2023-06-05,2615.41,870.28,4273.7900390625
2023-06-06,2615.41,870.28,4283.85009765625
2023-06-07,2615.6,880.72,4267.52001953125
2023-06-08,2610.85,876.13,4293.93017578125
2023-06-09,2641.16,883.71,4298.85986328125
2023-06-12,2629.35,885.76,4338.93017578125
2023-06-13,2637.95,896.81,4369.009765625
2023-06-14,2619.08,871.83,4372.58984375
2023-06-15,2608.54,878.04,4425.83984375
2023-06-16,2625.79,887.95,4409.58984375
2023-06-19,2609.5,888.61,4409.58984375
2023-06-20,2604.91,886.41,4388.7099609375
2023-06-21,2582.63,875.7,4365.68994140625
2023-06-22,2593.7,876.38,4381.89013671875
2023-06-23,2570.1,874.84,4348.330078125
2023-06-26,2582.2,879.5,4328.81982421875
2023-06-27,2581.39,874.14,4378.41015625
2023-06-28,2564.19,866.97,4376.85986328125
2023-06-29,2550.02,861.79,4396.43994140625
2023-06-30,2564.28,868.24,4450.3798828125
2023-07-03,2602.47,889.29,4455.58984375
2023-07-04,2593.31,890.0,4455.58984375
2023-07-05,2579.0,891.18,4446.81982421875
2023-07-06,2556.29,870.53,4411.58984375
2023-07-07,2526.71,867.27,4398.9501953125
2023-07-10,2520.7,860.35,4409.52978515625
2023-07-11,2562.49,878.73,4439.259765625
2023-07-12,2574.72,879.88,4472.16015625
2023-07-13,2591.23,893.07,4510.0400390625
2023-07-14,2628.3,896.28,4505.419921875
2023-07-17,2619.0,898.29,4522.7900390625
2023-07-18,2607.62,914.14,4554.97998046875
2023-07-19,2608.24,923.72,4565.72021484375
2023-07-20,2600.23,931.6,4534.8701171875
2023-07-21,2609.76,934.58,4536.33984375
2023-07-24,2628.53,929.9,4554.64013671875
2023-07-25,2636.46,939.96,4567.4599609375
2023-07-26,2592.36,900.63,4566.75
2023-07-27,2603.81,883.79,4537.41015625
2023-07-28,2608.32,913.74,4582.22998046875
2023-07-31,2632.58,935.97,4588.9599609375
2023-08-01,2667.07,939.67,4576.72998046875
2023-08-02,2616.47,909.76,4513.39013671875
2023-08-03,2605.39,920.32,4501.89013671875
2023-08-04,2602.8,918.43,4478.02978515625
2023-08-07,2580.71,898.22,4518.43994140625
2023-08-08,2573.98,892.34,4499.3798828125
2023-08-09,2605.12,908.98,4467.7099609375
2023-08-10,2601.56,911.29,4468.830078125
2023-08-11,2591.26,912.2,4464.0498046875
2023-08-14,2570.87,901.68,4489.72021484375
2023-08-15,2570.87,901.68,4437.85986328125
2023-08-16,2525.64,878.29,4404.330078125
2023-08-17,2519.85,886.04,4370.35986328125
2023-08-18,2504.5,877.32,4369.7099609375
2023-08-21,2508.8,888.71,4399.77001953125
2023-08-22,2515.74,893.33,4387.5498046875
2023-08-23,2505.5,882.87,4436.009765625
2023-08-24,2537.68,901.74,4376.31005859375
2023-08-25,2519.14,899.38,4405.7099609375
2023-08-28,2543.41,909.38,4433.31005859375
2023-08-29,2552.16,916.24,4497.6298828125
2023-08-30,2561.22,923.81,4514.8701171875
2023-08-31,2556.27,928.4,4507.66015625
2023-09-01,2563.71,919.74,4515.77001953125
2023-09-04,2584.55,919.16,4515.77001953125
2023-09-05,2582.18,921.48,4496.830078125
2023-09-06,2563.34,917.95,4465.47998046875
2023-09-07,2548.26,906.36,4451.14013671875
2023-09-08,2547.68,914.18,4457.490234375
2023-09-11,2556.88,912.55,4487.4599609375
2023-09-12,2536.58,898.04,4461.89990234375
2023-09-13,2534.7,882.72,4467.43994140625
2023-09-14,2572.89,899.47,4505.10009765625
2023-09-15,2601.28,899.03,4450.31982421875
2023-09-18,2574.72,891.29,4453.52978515625
2023-09-19,2559.21,883.89,4443.9501953125
2023-09-20,2559.74,882.72,4402.2001953125
2023-09-21,2514.97,860.68,4330.0
2023-09-22,2508.13,857.35,4320.06005859375
2023-09-25,2495.76,839.17,4337.43994140625
2023-09-26,2462.97,827.82,4273.52978515625
2023-09-27,2465.07,841.02,4274.509765625
2023-09-28,2465.07,841.02,4299.7001953125
2023-09-29,2465.07,841.02,4288.0498046875
2023-10-02,2465.07,841.02,4288.39013671875
2023-10-03,2465.07,841.02,4229.4501953125
2023-10-04,2405.69,807.4,4263.75
2023-10-05,2403.6,801.02,4258.18994140625
2023-10-06,2408.73,816.39,4308.5
2023-10-09,2408.73,816.39,4335.66015625
2023-10-10,2402.58,795.0,4358.240234375
2023-10-11,2450.08,817.12,4376.9501953125
2023-10-12,2479.82,835.49,4349.60986328125
2023-10-13,2456.15,822.78,4327.77978515625
2023-10-16,2436.24,810.54,4373.6298828125
2023-10-17,2460.17,820.38,4373.2001953125
2023-10-18,2462.6,808.89,4314.60009765625
2023-10-19,2415.8,784.04,4278.0
2023-10-20,2375.0,769.25,4224.16015625
2023-10-23,2357.02,763.69,4217.0400390625
2023-10-24,2383.51,784.86,4247.68017578125
2023-10-25,2363.17,770.84,4186.77001953125
2023-10-26,2299.08,743.85,4137.22998046875
2023-10-27,2302.81,748.49,4117.3701171875
2023-10-30,2310.55,757.12,4166.81982421875
2023-10-31,2277.99,736.1,4193.7998046875
2023-11-01,2301.56,739.23,4237.85986328125
2023-11-02,2343.12,772.84,4317.77978515625
2023-11-03,2368.34,782.05,4358.33984375
2023-11-06,2502.37,839.45,4365.97998046875
2023-11-07,2443.96,824.37,4378.3798828125
2023-11-08,2421.62,811.02,4382.77978515625
2023-11-09,2427.08,802.87,4347.35009765625
2023-11-10,2409.66,789.31,4415.240234375
2023-11-13,2403.76,774.42,4411.5498046875
2023-11-14,2433.25,794.19,4495.7001953125
2023-11-15,2486.67,809.36,4502.8798828125
2023-11-16,2488.18,811.11,4508.240234375
2023-11-17,2469.85,799.06,4514.02001953125
2023-11-20,2491.2,813.08,4547.3798828125
2023-11-21,2510.42,817.01,4538.18994140625
2023-11-22,2511.7,814.61,4556.6201171875
2023-11-23,2514.96,815.98,4556.6201171875
2023-11-24,2496.63,815.0,4559.33984375
2023-11-27,2495.66,810.25,4550.43017578125
2023-11-28,2521.76,816.44,4554.89013671875
2023-11-29,2519.81,822.44,4550.580078125
2023-11-30,2535.29,831.68,4567.7998046875
2023-12-01,2505.01,827.24,4594.6298828125
2023-12-04,2514.95,828.52,4569.77978515625
2023-12-05,2494.28,813.38,4567.18017578125
2023-12-06,2495.38,819.54,4549.33984375
2023-12-07,2492.07,813.2,4585.58984375
2023-12-08,2517.85,830.37,4604.3701171875
2023-12-11,2525.36,835.25,4622.43994140625
2023-12-12,2535.27,839.53,4643.7001953125
2023-12-13,2510.66,829.31,4707.08984375
2023-12-14,2544.18,840.59,4719.5498046875
2023-12-15,2563.56,838.31,4719.18994140625
2023-12-18,2566.86,850.96,4740.56005859375
2023-12-19,2568.55,858.3,4768.3701171875
2023-12-20,2614.3,862.98,4698.35009765625
2023-12-21,2600.02,859.44,4746.75
2023-12-22,2599.51,854.62,4754.6298828125
2023-12-26,2602.59,848.34,4774.75
2023-12-27,2613.5,859.79,4781.580078125
2023-12-28,2655.28,866.57,4783.35009765625
2023-12-29,2655.28,866.57,4769.830078125
2024-01-02,2669.81,878.93,4742.830078125
2024-01-03,2607.31,871.57,4704.81005859375
2024-01-04,2587.02,866.25,4688.68017578125
2024-01-05,2578.08,878.33,4697.240234375
2024-01-08,2567.82,879.34,4763.5400390625
2024-01-09,2561.24,884.64,4756.5
2024-01-10,2541.98,875.46,4783.4501953125
2024-01-11,2540.27,882.53,4780.240234375
2024-01-12,2525.05,868.08,4783.830078125
2024-01-15,2525.99,859.71,4783.830078125
2024-01-16,2497.59,854.83,4765.97998046875
2024-01-17,2435.9,833.05,4739.2099609375
2024-01-18,2440.04,840.33,4780.93994140625
2024-01-19,2472.74,842.67,4839.81005859375
2024-01-22,2464.35,839.69,4850.43017578125
2024-01-23,2478.61,840.11,4864.60009765625
2024-01-24,2469.69,836.21,4868.5498046875
2024-01-25,2470.34,823.74,4894.16015625
2024-01-26,2478.56,837.24,4890.97021484375
2024-01-29,2500.65,819.14,4927.93017578125
2024-01-30,2498.81,818.86,4924.97021484375
2024-01-31,2497.09,799.24,4845.64990234375
2024-02-01,2542.46,798.73,4906.18994140625
2024-02-02,2615.31,814.77,4958.60986328125
2024-02-05,2591.31,807.99,4942.81005859375
2024-02-06,2576.2,807.03,4954.22998046875
2024-02-07,2609.58,811.92,4995.06005859375
2024-02-08,2620.32,826.58,4997.91015625
2024-02-09,2620.32,826.58,5026.60986328125
2024-02-12,2620.32,826.58,5021.83984375
2024-02-13,2649.64,845.15,4953.169921875
2024-02-14,2620.42,853.3,5000.6201171875
2024-02-15,2613.8,859.21,5029.72998046875
2024-02-16,2648.76,857.6,5005.56982421875
2024-02-19,2680.26,858.47,5005.56982421875
2024-02-20,2657.79,866.17,4975.509765625
2024-02-21,2653.31,864.07,4981.7998046875
2024-02-22,2664.27,870.11,5087.02978515625
2024-02-23,2667.7,868.57,5088.7998046875
2024-02-26,2647.08,867.4,5069.52978515625
2024-02-27,2625.05,853.75,5078.18017578125
2024-02-28,2652.29,863.39,5069.759765625
2024-02-29,2642.36,862.96,5096.27001953125
2024-03-01,2642.36,862.96,5137.080078125
2024-03-04,2674.27,872.97,5130.9501953125
2024-03-05,2649.4,866.37,5078.64990234375
2024-03-06,2641.49,870.67,5104.759765625
2024-03-07,2647.62,863.37,5157.35986328125
2024-03-08,2680.35,873.18,5123.68994140625
2024-03-11,2659.84,875.93,5117.93994140625
2024-03-12,2681.81,889.71,5175.27001953125
2024-03-13,2693.57,889.93,5165.31005859375
2024-03-14,2718.76,887.52,5150.47998046875
2024-03-15,2666.84,880.46,5117.08984375
2024-03-18,2685.84,894.48,5149.419921875
2024-03-19,2656.17,891.91,5178.509765625
2024-03-20,2690.14,891.45,5224.6201171875
2024-03-21,2754.86,904.29,5241.52978515625
2024-03-22,2748.56,903.98,5234.18017578125
2024-03-25,2737.57,913.69,5218.18994140625
2024-03-26,2757.09,916.09,5203.580078125
2024-03-27,2755.11,911.25,5248.490234375
2024-03-28,2745.82,910.05,5254.35009765625
2024-03-29,2746.63,905.5,5254.35009765625
2024-04-01,2747.86,912.45,5243.77001953125
2024-04-02,2753.16,891.59,5205.81005859375
2024-04-03,2706.97,879.96,5211.490234375
2024-04-04,2742.0,882.9,5147.2099609375
2024-04-05,2714.21,872.29,5204.33984375
2024-04-08,2717.65,860.57,5202.39013671875
2024-04-09,2705.16,859.33,5209.91015625
2024-04-10,2705.16,859.33,5160.64013671875
2024-04-11,2706.96,858.1,5199.06005859375
2024-04-12,2681.82,860.47,5123.41015625
2024-04-15,2670.43,852.42,5061.81982421875
2024-04-16,2609.63,832.81,5051.41015625
2024-04-17,2584.18,833.03,5022.2099609375
2024-04-18,2634.7,855.65,5011.1201171875
2024-04-19,2591.86,841.91,4967.22998046875
2024-04-22,2629.44,845.82,5010.60009765625
2024-04-23,2623.02,845.44,5070.5498046875
2024-04-24,2675.75,862.23,5071.6298828125
2024-04-25,2628.62,853.26,5048.419921875
2024-04-26,2656.33,856.82,5099.9599609375
2024-04-29,2687.44,869.72,5116.169921875
2024-04-30,2692.06,868.93,5035.68994140625
2024-05-01,2692.06,868.93,5018.39013671875
2024-05-02,2683.65,867.48,5064.2001953125
2024-05-03,2676.63,865.59,5127.7900390625
2024-05-06,2676.63,865.59,5180.740234375
2024-05-07,2734.36,871.26,5187.7001953125
2024-05-08,2745.05,872.42,5187.669921875
2024-05-09,2712.14,870.15,5214.080078125
2024-05-10,2727.63,864.16,5222.68017578125
2024-05-13,2727.21,854.43,5221.419921875
2024-05-14,2730.34,862.15,5246.68017578125
2024-05-15,2730.34,862.15,5308.14990234375
2024-05-16,2753.0,870.37,5297.10009765625
2024-05-17,2724.62,855.06,5303.27001953125
2024-05-20,2742.14,847.08,5308.1298828125
2024-05-21,2724.18,846.51,5321.41015625
2024-05-22,2723.46,845.72,5307.009765625
2024-05-23,2721.81,846.58,5267.83984375
2024-05-24,2687.6,839.41,5304.72021484375
2024-05-27,2722.99,847.99,5304.72021484375
2024-05-28,2722.85,851.01,5306.0400390625
2024-05-29,2677.3,838.45,5266.9501953125
2024-05-30,2635.44,831.99,5235.47998046875
2024-05-31,2636.52,839.98,5277.509765625
2024-06-03,2682.52,844.72,5283.39990234375
2024-06-04,2662.1,845.84,5291.33984375
2024-06-05,2689.5,850.75,5354.02978515625
2024-06-06,2689.5,850.75,5352.9599609375
2024-06-07,2722.67,866.18,5346.990234375
2024-06-10,2701.17,864.71,5360.7900390625
2024-06-11,2705.32,868.36,5375.31982421875
2024-06-12,2728.17,870.67,5421.02978515625
2024-06-13,2754.89,871.33,5433.740234375
2024-06-14,2758.42,862.19,5431.60009765625
2024-06-17,2744.1,858.96,5473.22998046875
2024-06-18,2763.92,858.95,5487.02978515625
2024-06-19,2797.33,861.17,5487.02978515625
2024-06-20,2807.63,857.51,5473.169921875
2024-06-21,2784.26,852.67,5464.6201171875
2024-06-24,2764.73,841.52,5447.8701171875
2024-06-25,2774.39,841.99,5469.2998046875
2024-06-26,2792.05,842.12,5477.89990234375
2024-06-27,2784.06,838.65,5482.8701171875
2024-06-28,2797.82,840.44,5460.47998046875
2024-07-01,2804.31,847.15,5475.08984375
2024-07-02,2780.86,829.91,5509.009765625
2024-07-03,2794.01,836.1,5537.02001953125
2024-07-04,2824.94,840.81,5537.02001953125
2024-07-05,2862.23,847.49,5567.18994140625
2024-07-08,2857.76,859.27,5572.85009765625
2024-07-09,2867.38,860.42,5576.97998046875
2024-07-10,2867.99,858.55,5633.91015625
2024-07-11,2891.35,852.42,5584.5400390625
2024-07-12,2857.0,850.37,5615.35009765625
2024-07-15,2860.92,852.88,5631.22021484375
2024-07-16,2866.09,839.61,5667.2001953125
2024-07-17,2843.29,829.41,5588.27001953125
2024-07-18,2824.35,822.48,5544.58984375
2024-07-19,2795.46,828.72,5505.0
2024-07-22,2763.51,809.96,5564.41015625
2024-07-23,2774.29,812.12,5555.740234375
2024-07-24,2758.71,814.25,5427.1298828125
2024-07-25,2710.65,797.29,5399.22021484375
2024-07-26,2731.9,797.56,5459.10009765625
2024-07-29,2765.53,807.99,5463.5400390625
2024-07-30,2738.19,803.78,5436.43994140625
2024-07-31,2770.69,803.15,5522.2998046875
2024-08-01,2777.68,813.53,5446.68017578125
2024-08-02,2676.19,779.33,5346.56005859375
2024-08-05,2441.55,691.28,5186.330078125
2024-08-06,2522.15,732.87,5240.02978515625
2024-08-07,2568.41,748.54,5199.5
2024-08-08,2556.73,745.28,5319.31005859375
2024-08-09,2588.43,764.43,5344.16015625
2024-08-12,2618.3,772.72,5344.39013671875
2024-08-13,2621.5,764.86,5434.43017578125
2024-08-14,2644.5,776.83,5455.2099609375
2024-08-15,2644.5,776.83,5543.22021484375
2024-08-16,2697.23,786.33,5554.25
2024-08-19,2674.36,777.47,5608.25
2024-08-20,2696.63,787.44,5597.1201171875
2024-08-21,2701.13,779.87,5620.85009765625
2024-08-22,2707.67,773.47,5570.64013671875
2024-08-23,2701.69,773.26,5634.60986328125
2024-08-26,2698.01,766.79,5616.83984375
2024-08-27,2689.25,764.95,5625.7998046875
2024-08-28,2689.83,762.5,5592.18017578125
2024-08-29,2662.28,756.04,5591.9599609375
2024-08-30,2674.31,767.66,5648.39990234375
2024-09-02,2681.0,769.21,5648.39990234375
2024-09-03,2664.63,760.37,5528.93017578125
2024-09-04,2580.8,731.75,5520.06982421875
2024-09-05,2575.5,725.28,5503.41015625
2024-09-06,2544.28,706.59,5408.419921875
2024-09-09,2535.93,714.46,5471.0498046875
2024-09-10,2523.43,706.2,5495.52001953125
2024-09-11,2513.37,709.42,5554.1298828125
2024-09-12,2572.09,731.03,5595.759765625
2024-09-13,2575.41,733.2,5626.02001953125
2024-09-16,2575.41,733.2,5633.08984375
2024-09-17,2575.41,733.2,5634.580078125
2024-09-18,2575.41,733.2,5618.259765625
2024-09-19,2580.8,739.51,5713.64013671875
2024-09-20,2593.37,748.33,5702.5498046875
2024-09-23,2602.01,755.12,5718.56982421875
2024-09-24,2631.68,767.35,5732.93017578125
2024-09-25,2596.32,759.3,5722.259765625
2024-09-26,2671.57,779.18,5745.3701171875
2024-09-27,2649.78,774.49,5738.169921875
2024-09-30,2593.27,763.88,5762.47998046875
2024-10-01,2593.27,763.88,5708.75
2024-10-02,2561.69,762.13,5709.5400390625
2024-10-03,2561.69,762.13,5699.93994140625
2024-10-04,2569.71,768.98,5751.06982421875
2024-10-07,2610.38,781.01,5695.93994140625
2024-10-08,2594.36,778.24,5751.1298828125
2024-10-09,2594.36,778.24,5792.0400390625
2024-10-10,2599.16,775.48,5780.0498046875
2024-10-11,2596.91,770.98,5815.02978515625
2024-10-14,2623.29,770.26,5859.85009765625
2024-10-15,2633.45,773.81,5815.259765625
2024-10-16,2610.36,765.79,5842.47021484375
2024-10-17,2609.3,765.06,5841.47021484375
2024-10-18,2593.82,753.22,5864.669921875
2024-10-21,2604.92,759.95,5853.97998046875
2024-10-22,2570.7,738.34,5851.2001953125
2024-10-23,2599.62,745.19,5797.419921875
2024-10-24,2581.03,734.59,5809.85986328125
2024-10-25,2583.27,727.41,5808.1201171875
2024-10-28,2612.43,740.48,5823.52001953125
2024-10-29,2617.8,744.18,5832.919921875
2024-10-30,2593.79,738.19,5813.669921875
2024-10-31,2556.15,743.06,5705.4501953125
2024-11-01,2542.36,729.05,5728.7998046875
2024-11-04,2588.97,754.08,5712.68994140625
2024-11-05,2576.88,751.81,5782.759765625
2024-11-06,2563.51,743.31,5929.0400390625
2024-11-07,2564.63,733.52,5973.10009765625
2024-11-08,2561.15,743.38,5995.5400390625
2024-11-11,2531.66,728.84,6001.35009765625
2024-11-12,2482.57,710.52,5983.990234375
2024-11-13,2417.08,689.65,5985.3798828125
2024-11-14,2418.86,681.56,5949.169921875
2024-11-15,2416.86,685.42,5870.6201171875
2024-11-18,2469.07,689.55,5893.6201171875
2024-11-19,2471.95,686.12,5916.97998046875
2024-11-20,2482.29,682.91,5917.10986328125
2024-11-21,2480.63,680.67,5948.7099609375
2024-11-22,2501.24,677.01,5969.33984375
2024-11-25,2534.34,696.83,5987.3701171875
2024-11-26,2520.36,693.15,6021.6298828125
2024-11-27,2503.06,692.0,5998.740234375
2024-11-28,2504.67,694.39,5998.740234375
2024-11-29,2455.91,678.19,6032.3798828125
2024-12-02,2454.48,675.84,6047.14990234375
2024-12-03,2500.1,690.8,6049.8798828125
2024-12-04,2464.0,677.15,6086.490234375
2024-12-05,2441.85,670.94,6075.10986328125
2024-12-06,2428.16,661.33,6090.27001953125
2024-12-09,2360.58,627.01,6052.85009765625
2024-12-10,2417.84,661.59,6034.91015625
2024-12-11,2442.51,675.92,6084.18994140625
2024-12-12,2482.12,683.35,6051.25
2024-12-13,2494.46,693.73,6051.08984375
2024-12-16,2488.97,698.53,6074.080078125
2024-12-17,2456.81,694.47,6050.60986328125
2024-12-18,2484.43,697.57,5872.16015625
2024-12-19,2435.93,684.36,5867.080078125
2024-12-20,2404.15,668.31,5930.85009765625
2024-12-23,2442.01,679.24,5974.06982421875
2024-12-24,2440.52,680.11,6040.0400390625
2024-12-26,2429.67,675.64,6037.58984375
2024-12-27,2404.77,665.97,5970.83984375
2024-12-30,2399.49,678.19,5906.93994140625
2024-12-31,2399.49,678.19,5881.6298828125
2025-01-02,2398.94,686.63,5868.5498046875
2025-01-03,2441.92,705.76,5942.47021484375
2025-01-06,2488.64,717.96,5975.3798828125
2025-01-07,2492.1,718.29,5909.02978515625
2025-01-08,2521.05,719.63,5918.25
2025-01-09,2521.9,723.52,5918.25
2025-01-10,2515.78,717.89,5827.0400390625
2025-01-13,2489.56,708.21,5836.22021484375
2025-01-14,2497.4,718.04,5842.91015625
2025-01-15,2496.81,711.61,5949.91015625
2025-01-16,2527.49,724.24,5937.33984375
2025-01-17,2523.55,724.69,5996.66015625
2025-01-20,2520.05,727.66,5996.66015625
2025-01-21,2518.03,726.07,6049.240234375
2025-01-22,2547.06,732.31,6086.3701171875
2025-01-23,2515.49,724.01,6118.7099609375
2025-01-24,2536.8,728.74,6101.240234375
2025-01-27,2536.8,728.74,6012.27978515625
2025-01-28,2536.8,728.74,6067.7001953125
2025-01-29,2536.8,728.74,6039.31005859375
2025-01-30,2536.8,728.74,6071.169921875
2025-01-31,2517.37,728.29,6040.52978515625
2025-02-03,2453.95,703.8,5994.56982421875
2025-02-04,2481.69,719.92,6037.8798828125
2025-02-05,2509.27,730.98,6061.47998046875
2025-02-06,2536.75,740.32,6083.56982421875
2025-02-07,2521.92,742.9,6025.990234375
2025-02-10,2521.27,749.67,6066.43994140625
2025-02-11,2539.05,749.59,6068.5
2025-02-12,2548.39,745.18,6051.97021484375
2025-02-13,2583.17,749.28,6115.06982421875
2025-02-14,2591.05,756.32,6114.6298828125
2025-02-17,2610.42,768.48,6114.6298828125
2025-02-18,2626.81,773.65,6129.580078125
2025-02-19,2671.52,778.27,6144.14990234375
2025-02-20,2654.06,768.27,6117.52001953125
2025-02-21,2654.58,774.65,6013.1298828125
2025-02-24,2645.27,773.33,5983.25
2025-02-25,2630.29,769.43,5955.25
2025-02-26,2641.09,771.41,5956.06005859375
2025-02-27,2621.75,770.85,5861.56982421875
2025-02-28,2532.78,743.96,5954.5
2025-03-03,2532.78,743.96,5849.72021484375
2025-03-04,2528.92,737.9,5778.14990234375
2025-03-05,2558.13,746.95,5842.6298828125
2025-03-06,2576.16,734.92,5738.52001953125
2025-03-07,2563.48,727.7,5770.2001953125
2025-03-10,2570.39,725.82,5614.56005859375
2025-03-11,2537.6,721.5,5572.06982421875
2025-03-12,2574.82,729.49,5599.2998046875
2025-03-13,2573.64,722.8,5521.52001953125
2025-03-14,2566.36,734.26,5638.93994140625
2025-03-17,2610.69,743.51,5675.1201171875
2025-03-18,2612.34,745.54,5614.66015625
2025-03-19,2628.62,738.35,5675.2900390625
2025-03-20,2637.1,725.15,5662.89013671875
2025-03-21,2643.13,719.41,5667.56005859375
2025-03-24,2632.07,720.22,5767.56982421875
2025-03-25,2615.81,711.26,5776.64990234375
2025-03-26,2643.94,716.48,5712.2001953125
2025-03-27,2607.15,707.49,5693.31005859375
2025-03-28,2557.98,693.76,5580.93994140625
2025-03-31,2481.12,672.85,5611.85009765625
2025-04-01,2521.39,691.45,5633.06982421875
2025-04-02,2505.86,684.85,5670.97021484375
2025-04-03,2486.7,683.49,5396.52001953125
2025-04-04,2465.42,687.39,5074.080078125
2025-04-07,2328.2,651.3,5062.25
2025-04-08,2334.23,658.45,4982.77001953125
2025-04-09,2293.7,643.39,5456.89990234375
2025-04-10,2445.06,681.79,5268.0498046875
2025-04-11,2432.72,695.59,5363.35986328125
2025-04-14,2455.89,708.98,5405.97021484375
2025-04-15,2477.41,711.92,5396.6298828125
2025-04-16,2447.43,699.11,5275.7001953125
2025-04-17,2470.41,711.75,5282.7001953125
2025-04-18,2483.42,717.77,5282.7001953125
2025-04-21,2488.42,715.45,5158.2001953125
2025-04-22,2486.64,716.12,5287.759765625
2025-04-23,2525.56,726.08,5375.85986328125
2025-04-24,2522.33,726.08,5484.77001953125
2025-04-25,2546.3,729.69,5525.2099609375
2025-04-28,2548.86,719.41,5528.75
2025-04-29,2565.42,726.46,5560.830078125
2025-04-30,2556.61,717.24,5569.06005859375
2025-05-01,2556.61,717.24,5604.14013671875
2025-05-02,2559.79,721.86,5686.669921875
2025-05-05,2559.79,721.86,5650.3798828125
2025-05-06,2559.79,721.86,5606.91015625
2025-05-07,2573.8,722.81,5631.27978515625
2025-05-08,2579.48,729.59,5663.93994140625
2025-05-09,2577.27,722.52,5659.91015625
2025-05-12,2607.33,725.4,5844.18994140625
2025-05-13,2608.42,731.88,5886.5498046875
2025-05-14,2640.57,739.05,5892.580078125
2025-05-15,2621.36,733.23,5916.93017578125
2025-05-16,2626.87,725.07,5958.3798828125
2025-05-19,2603.42,713.75,5963.60009765625
2025-05-20,2601.8,715.55,5940.4599609375
2025-05-21,2625.58,723.62,5844.60986328125
2025-05-22,2593.67,717.67,5842.009765625
2025-05-23,2592.09,715.98,5802.81982421875
2025-05-26,2644.4,725.27,5802.81982421875
2025-05-27,2637.22,727.11,5921.5400390625
2025-05-28,2670.15,728.79,5888.5498046875
2025-05-29,2720.64,736.29,5912.169921875
2025-05-30,2697.67,734.35,5911.68994140625
2025-06-02,2698.97,740.29,5935.93994140625
2025-06-03,2698.97,740.29,5970.3701171875
2025-06-04,2770.84,750.21,5970.81005859375
2025-06-05,2812.05,756.23,5939.2998046875
2025-06-06,2812.05,756.23,6000.35986328125
2025-06-09,2855.77,764.21,6005.8798828125
2025-06-10,2871.85,771.2,6038.81005859375
2025-06-11,2907.04,786.29,6022.240234375
2025-06-12,2920.03,789.45,6045.259765625
2025-06-13,2894.62,768.86,5976.97021484375
2025-06-16,2946.66,777.26,6033.10986328125
2025-06-17,2950.3,775.65,5982.72021484375
2025-06-18,2972.19,779.73,5980.8701171875
2025-06-19,2977.74,782.51,5980.8701171875
2025-06-20,3021.84,791.53,5967.83984375
2025-06-23,3014.47,784.79,6025.169921875
2025-06-24,3103.64,800.93,6092.18017578125
2025-06-25,3108.25,798.21,6092.16015625
2025-06-26,3079.56,787.95,6141.02001953125
2025-06-27,3055.94,781.56,6173.06982421875
2025-06-30,3071.7,781.5,6204.9501953125
2025-07-01,3089.65,783.67,6198.009765625
2025-07-02,3075.06,782.17,6227.419921875
2025-07-03,3116.27,793.33,6279.35009765625
2025-07-04,3054.28,775.8,6279.35009765625
2025-07-07,3059.47,778.46,6229.97998046875
2025-07-08,3114.95,784.24,6225.52001953125
2025-07-09,3133.74,790.36,6263.259765625
2025-07-10,3183.23,797.7,6280.4599609375
2025-07-11,3175.77,800.47,6259.75
2025-07-14,3202.03,799.37,6268.56005859375
2025-07-15,3215.28,812.88,6243.759765625
2025-07-16,3186.38,812.23,6263.7001953125
2025-07-17,3192.29,818.27,6297.35986328125
2025-07-18,3188.07,820.67,6296.7900390625
2025-07-21,3210.81,821.69,6305.60009765625
2025-07-22,3169.94,812.97,6309.6201171875
2025-07-23,3183.77,813.56,6358.91015625
2025-07-24,3190.45,809.89,6363.35009765625
2025-07-25,3196.05,806.95,6388.64013671875
2025-07-28,3209.52,804.4,6389.77001953125
2025-07-29,3230.57,804.45,6370.85986328125
2025-07-30,3254.47,803.67,6362.89990234375
2025-07-31,3245.44,805.24,6339.39013671875
2025-08-01,3119.41,772.79,6238.009765625
2025-08-04,3147.75,784.06,6329.93994140625
2025-08-05,3198.0,798.6,6299.18994140625
2025-08-06,3198.14,803.49,6345.06005859375
2025-08-07,3227.68,805.81,6340.0
2025-08-08,3210.01,809.27,6389.4501953125
2025-08-11,3206.77,811.85,6373.4501953125
2025-08-12,3189.91,807.19,6445.759765625
2025-08-13,3224.37,814.1,6466.580078125
2025-08-14,3225.66,815.26,6468.5400390625
2025-08-15,3225.66,815.26,6449.7998046875
2025-08-18,3177.28,798.05,6449.14990234375
2025-08-19,3151.56,787.96,6411.3701171875
2025-08-20,3130.09,777.61,6395.77978515625
2025-08-21,3141.74,777.24,6370.169921875
2025-08-22,3168.73,782.51,6466.91015625
2025-08-25,3209.86,798.02,6439.31982421875
2025-08-26,3179.36,801.66,6465.93994140625
2025-08-27,3187.16,801.72,6481.39990234375
2025-08-28,3196.32,798.43,6501.85986328125
2025-08-29,3186.01,796.91,6460.259765625
2025-09-01,3142.93,785.0,6460.259765625
2025-09-02,3172.35,794.0,6415.5400390625
2025-09-03,3184.42,796.81,6448.259765625
2025-09-04,3200.83,805.42,6502.080078125
2025-09-05,3205.12,811.4,6481.5
2025-09-08,3219.59,818.6,6495.14990234375
2025-09-09,3260.05,824.82,6512.60986328125
2025-09-10,3314.53,833.0,6532.0400390625
2025-09-11,3344.2,834.76,6587.47021484375
2025-09-12,3395.54,847.08,6584.2900390625
2025-09-15,3407.31,852.69,6615.27978515625
2025-09-16,3449.62,851.84,6606.759765625
2025-09-17,3413.4,845.53,6600.35009765625
2025-09-18,3461.3,857.11,6631.9599609375
2025-09-19,3445.24,863.11,6664.35986328125
2025-09-22,3468.65,874.36,6693.75
2025-09-23,3486.19,872.21,6656.919921875
2025-09-24,3472.14,860.94,6637.97021484375
2025-09-25,3471.11,852.48,6604.72021484375
2025-09-26,3386.05,835.19,6643.7001953125
2025-09-29,3431.21,846.71,6661.2099609375
2025-09-30,3424.6,841.99,6688.4599609375
2025-10-01,3455.83,845.34,6711.2001953125
2025-10-02,3549.21,854.25,6715.35009765625
2025-10-03,3549.21,854.25,6715.7900390625
2025-10-06,3549.21,854.25,6740.27978515625
2025-10-07,3549.21,854.25,6714.58984375
2025-10-08,3549.21,854.25,6753.72021484375
2025-10-09,3549.21,854.25,6735.10986328125
2025-10-10,3610.6,859.49,6552.509765625
2025-10-13,3584.55,860.49,6654.72021484375
2025-10-14,3561.81,847.96,6644.31005859375
2025-10-15,3657.28,864.72,6671.06005859375
2025-10-16,3748.37,865.41,6629.06982421875
2025-10-17,3748.89,859.54,6664.009765625
2025-10-20,3814.69,875.77,6735.1298828125
2025-10-21,3823.84,872.5,6735.35009765625
2025-10-22,3883.68,879.15,6699.39990234375
2025-10-23,3845.56,872.03,6738.43994140625
2025-10-24,3941.59,883.08,6791.68994140625
2025-10-27,4042.83,902.7,6875.16015625
2025-10-28,4010.41,903.3,6890.89013671875
2025-10-29,4081.15,901.59,6890.58984375
2025-10-30,4086.89,890.86,6822.33984375
2025-10-31,4107.5,900.42,6840.2001953125
2025-11-03,4221.87,914.55,6851.97021484375
2025-11-04,4121.74,926.57,6771.5498046875
2025-11-05,4004.42,901.89,6796.2900390625
2025-11-06,4026.45,898.17,6720.31982421875
2025-11-07,3953.76,876.81,6728.7998046875
2025-11-10,4073.24,888.35,6832.43017578125
2025-11-11,4106.39,884.27,6846.60986328125
2025-11-12,4150.39,906.51,6850.919921875
2025-11-13,4170.63,918.37,6737.490234375
2025-11-14,4011.57,897.9,6734.10986328125
2025-11-17,4089.25,902.67,6672.41015625
2025-11-18,3953.62,878.7,6617.31982421875
2025-11-19,3929.51,871.32,6642.16015625
2025-11-20,4004.85,891.94,6538.759765625
2025-11-21,3853.26,863.95,6602.990234375
2025-11-24,3846.06,856.44,6705.1201171875
2025-11-25,3857.78,856.03,6765.8798828125
2025-11-26,3960.87,877.32,6812.60986328125
2025-11-27,3986.91,880.06,6812.60986328125
2025-11-28,3926.59,912.67,6849.08984375
2025-12-01,3920.37,922.38,6812.6298828125
2025-12-02,3994.93,928.42,6829.3701171875
2025-12-03,4036.3,932.01,6849.72021484375
2025-12-04,4028.51,929.83,6857.1201171875
2025-12-05,4100.05,924.74,6870.39990234375
2025-12-08,4154.85,927.79,6846.509765625
2025-12-09,4143.55,931.35,6840.509765625
2025-12-10,4135.0,935.0,6886.68017578125
2025-12-11,4110.62,934.64,6901.0
2025-12-12,4167.16,937.34,6827.41015625
2025-12-15,4090.59,938.83,6816.509765625
2025-12-16,3999.13,916.11,6800.259765625
2025-12-17,4056.41,911.07,6721.43017578125
2025-12-18,3994.51,901.33,6774.759765625
2025-12-19,4020.55,915.27,6834.5
2025-12-22,4105.93,929.14,6878.490234375
2025-12-23,4117.32,919.56,6909.7900390625
2025-12-24,4108.62,915.2,6932.0498046875
2025-12-26,4129.68,919.67,6929.93994140625
2025-12-29,4220.56,932.59,6905.740234375
2025-12-30,4214.17,925.47,6896.240234375
2025-12-31,4214.17,925.47,6845.5
2026-01-02,4309.63,945.57,6858.47021484375
2026-01-05,4457.52,957.5,6902.0498046875
2026-01-06,4525.48,955.97,6944.81982421875
2026-01-07,4551.06,947.39,6920.93017578125
2026-01-08,4552.37,944.06,6921.4599609375
2026-01-09,4586.32,947.92,6966.27978515625
2026-01-12,4624.79,949.81,6977.27001953125
2026-01-13,4692.64,948.98,6963.740234375
2026-01-14,4723.1,942.18,6926.60009765625
2026-01-15,4797.55,951.16,6944.47021484375
2026-01-16,4840.74,954.59,6940.009765625
2026-01-19,4904.66,968.36,6940.009765625
2026-01-20,4885.75,976.37,6796.85986328125
2026-01-21,4909.93,951.29,6875.6201171875
2026-01-22,4952.53,970.35,6913.35009765625
2026-01-23,4990.07,993.93,6915.60986328125
2026-01-26,4949.59,1064.41,6950.22998046875
2026-01-27,5084.85,1082.59,6978.60009765625
2026-01-28,5170.81,1133.52,6978.02978515625
2026-01-29,5221.25,1164.41,6969.009765625
2026-01-30,5224.36,1149.44,6939.02978515625
2026-02-02,4949.67,1098.36,6976.43994140625
2026-02-03,5288.08,1144.33,6917.81005859375
2026-02-04,5371.1,1149.43,6882.72021484375
2026-02-05,5163.57,1108.41,6798.39990234375
2026-02-06,5089.14,1080.77,6932.2998046875
2026-02-09,5298.04,1127.55,6964.81982421875
2026-02-10,5301.69,1115.2,6941.81005859375
2026-02-11,5354.49,1114.87,6941.47021484375
2026-02-12,5522.27,1125.99,6832.759765625
2026-02-13,5507.01,1106.08,6836.169921875
2026-02-17,5507.01,1106.08,6843.22021484375
2026-02-18,5507.01,1106.08,6881.31005859375
2026-02-19,5677.25,1160.71,6861.89013671875
2026-02-20,5808.53,1154.0,6909.509765625
2026-02-23,5846.09,1151.99,6837.75
2026-02-24,5969.64,1165.0,6890.06982421875
2026-02-25,6083.86,1165.25,6946.1298828125
2026-02-26,6307.27,1188.15,6908.85986328125
2026-02-27,6244.13,1192.78,6878.8798828125
2026-03-02,6244.13,1192.78,6881.6201171875
2026-03-03,5791.91,1137.7,6816.6298828125
2026-03-04,5093.54,978.44,6869.5
2026-03-05,5583.9,1116.41,6830.7099609375
2026-03-06,5584.87,1154.67,6740.02001953125
2026-03-09,5251.87,1102.28,6795.990234375
2026-03-10,5532.59,1137.68,6781.47998046875
2026-03-11,5609.95,1136.83,6775.7998046875
2026-03-12,5583.25,1148.4,6672.6201171875
2026-03-13,5487.24,1152.96,6632.18994140625
2026-03-16,5549.85,1138.29,6699.3798828125
2026-03-17,5640.48,1136.94,6716.08984375
2026-03-18,5925.03,1164.38,6624.7001953125
2026-03-19,5763.22,1143.48,6606.490234375
2026-03-20,5781.2,1161.52,6506.47998046875
2026-03-23,5405.75,1096.89,6581.0
2026-03-24,5553.92,1121.44,6556.3701171875
2026-03-25,5642.21,1159.55,6591.89990234375
2026-03-26,5460.46,1136.64,6477.16015625
2026-03-27,5438.87,1141.51,6368.85009765625
2026-03-30,5277.3,1107.05,6343.72021484375
2026-03-31,5052.46,1052.39,6528.52001953125
2026-04-01,5478.7,1116.18,6575.31982421875
2026-04-02,5234.05,1056.34,6582.68994140625
2026-04-03,5377.3,1063.75,6582.68994140625
2026-04-06,5450.33,1047.37,6611.830078125
2026-04-07,5494.78,1036.73,6616.85009765625
2026-04-08,5872.34,1089.85,6782.81005859375
2026-04-09,5778.01,1076.0,6824.66015625
2026-04-10,5858.87,1093.63,6816.89013671875
2026-04-13,5808.62,1099.84,6886.240234375
2026-04-14,5967.75,1121.88,6967.3798828125
2026-04-15,6091.39,1152.43,7022.9501953125
2026-04-16,6226.05,1162.97,7041.27978515625
2026-04-17,6191.92,1170.04,7126.06005859375
2026-04-20,6219.09,1174.85,7109.14013671875
2026-04-21,6388.47,1179.03,7064.009765625
2026-04-22,6417.93,1181.12,7137.89990234375
2026-04-23,6381.89,1162.42,7137.89990234375
